Stein,Herkunft,Besonderheit,Qualität,Farbe,transparent,Schliff,Cut/Rough,Karat,Abmessung,Anmerkung,Versand, Preis,Anzahl,Summe  Karat,Preis/Karat,,,,,,,,,
Saphir,,,,,,,,,,,,"10678,57",48,"298,93","35,72",,,,,,,,,
,,,,,,,,,,,,,,,,,,,,,,,,
,,,,,,,,,,"85288,04","9,92",,"8129,55","7371,17",,,,,,,,,,"88271,62"
Stein,Herkunft,Besonderheit,Qualität,Farbe,transparent,Schliff,Cut/Rough,Karat,Abmessung,Preis,durchschnittlicher Karatpreis,Anmerkung,Versand,,,SG,RI,Chelsea,UV kurz,UV lang,Dichroskop,Polariskop,Spektroskop,
Alexandrit,Indien,,SI,,transparent,oval,Cut,"1,46","8,2x5,39x3,78","700,8",480,uv,,,,1,,,,,,,,"1051,2"
Amazonit,Vietnam,,VVS,hell grün,transparent,Kissen,Cut,"5,55","12,3x8,88x2,4",1980,"356,76",DSEF,,,,1,,,,,,,,2970
Amethyst,Kambodscha,2 Stck,VS,Violett,transparent,oval,Cut,"6,3",,53,"8,41",,,,,,,,,,,,,
Amethyst,Uruguay,,VS,,transparent,Trilliant,Cut,"21,54","22,55x20,05x9,76","9,66","0,45",,,,,1,,,,,,,,"14,49"
Amethyst,Sambia,,IF ,,transparent,Oval,Cut,"29,9","22,5x18x12,4","75,61","2,53",,,,,1,,,,,,,,"113,42"
Amethyst,Ruanda,,VVS,Violett,transparent,Tropfen,Cut,30,"28,54x16,43x12,04","31,88","1,06",,,,,,,,,,,,,
Amethyst,Brasilien,,IF ,,transparent,Checkerboard,Cut,"42,25","28,04x19,08x12,21","7,58","0,18",,,,,1,,,,,,,,"11,37"
Amethyst,Uruguay,,IF ,Violett,transparent,oval,Cut,"217,6",45 X 35 X 24,"42,46","0,2",,,,,1,,,,,,,,"63,69"
Andesin,Kongo,,IF ,Orange-rot,transparent,Smaragd,Cut,"3,84","11x9x5,7",792,"206,25",behandelt!!!,,,,1,,,,,,,,1188
Apatit,Brasilien,,VVS,Neon-Blau,transparent,oval,Cut,"1,02",7.08 x 5.10 x 3.73,"7,86","7,71",Ebay,1,"-6,86",,1,,,,,,,,"11,79"
Apatit,Madagaskar,,VVS,,transparent,Rund,Cut,"1,43","7,1x7,1x4,8","18,81","13,15",'–,'–,,,1,,,,,,,,"28,22"
Apatit,Brasilien,,VVS,Blau ,transparent,Kissen,Cut,"1,52","9,00x6,70x2,95","7,39","4,86",,,,,1,,,,,,,,"11,09"
Apatit,Brasilien,,VVS,Blau ,transparent,Oval,Cut,"1,65","9,10x7,00x4,05","7,39","4,48",,,,,1,,,,,,,,"11,09"
Apatit,Mozambique,,VVS,,transparent,Tropfen,Cut,"1,65","10,20x6,10x4,10","7,73","4,68",,,,,1,,,,,,,,"11,6"
Apatit,Brasilien,,VVS,Blau ,transparent,Oktagon,Cut,"1,73","7,90x6,00x4,25","20,36","11,77",,,,,1,,,,,,,,"30,54"
Apatit,Brasilien,,VVS,Blau ,transparent,Oktagon,Cut,"1,78","8,00x5,95x4,25","27,03","15,19",,,,,1,,,,,,,,"40,55"
Apatit,Madagaskar,,VVS,,transparent,Smaragd,Cut,"1,86","7,9x5,9x3,95","20,84","11,2",,,,,1,,,,,,,,"31,26"
Apatit,Madagaskar,,VVS,,transparent,oval,Cut,"2,14",9.45x7.20x4.55 ,"24,85","11,61",,,,,1,,,,,,,,"37,28"
Apatit,Madagaskar,,IF ,,transparent,Smaragd,Cut,"2,47",11.45x5.85x3.80,"39,1","15,83",,,,,1,,,,,,,,"58,65"
Apatit,Madagaskar,Farbwechsel,VVS,,transparent,Kissen,Cut,"5,3","12,40x8,90x5,90","46,73","8,82",,,,,1,,,,,,,,"70,1"
Apatit,Madagaskar,,IF ,,transparent,Marquise,Cut,"8,34","18,6x10,1x7","42,04","5,04",,,,,1,,,,,,,,"63,06"
Apatit,Mozambique,,VVS,,transparent,Trilliant,Cut,"51,91","25,70x25x14,7","189,79","3,66",,,,,1,,,,,,,,"284,69"
Aquamarin,Brasilien,,VS,Blau ,transparent,Oval,Cut,"2,2",12x7 ,"56,26","25,57",,,,,1,,,,,,,,"84,39"
Aquamarin,Brasilien,,VS,blau,transparent,Oval,Cut,"3,06","8,05x10,8x6,25","57,22","18,7",,,,,1,,,,,,,,"85,83"
Aquamarin,Vietnam,Luc Yen,SI,blau,transparent,Tropfen,Cut,"3,07",,60,"19,54",,,,,,,,,,,,,
Aquamarin,Afghanistan,,VS,blau,transluzent,Oval,Cut,"5,75",15x10,"32,21","5,6",,,,,1,,,,,,,,"48,32"
Aquamarin,Brasilien,Hitze behandelt,VS,blau,transparent,Fancy,Cut,"6,96","12,12x10,38x7,62",210,"30,17",,,,,,,,,,,,,
Beryll,Brasilien,,IF ,gelb ,transparent,Trilliant,Cut,"2,45","9,80x9,50x5,70","7,92","3,23",Ebay,"12,99","5,07",,1,,,,,,,,"11,88"
Beryll,Ukraine,,SI,Grün ,transparent,Tropfen,Cut,"3,17",,72,"22,71",,,,,1,,,,,,,,108
Beryll,Brasilien,,IF ,gelb,transparent,oval,Cut,"5,15","14,2x10,1x6,1","58,07","11,28",'–,'–,,,1,,,,,,,,"87,11"
Beryll,Ukraine,,VS,Grün ,transparent,Marquise,Cut,"7,45",,96,"12,89",,,,,1,,,,,,,,144
Beryll,Tansania,No treatment,,weiß,transpartent,,Rough,"58,9",,"108,4","1,84",,,,,,,,,,,,,
Charoit,Russland,,VS,,Opaque,freiform,Cut,"34,13",28x16x10,"18,88","0,55",,,,,1,,,,,,,,"28,32"
Chromdiopsid,Russland,,VVS,grün ,transparent,oval,Cut,"3,01","10,10x8,10x5,3","40,75","13,54",Ebay,"56,46","15,71",,1,,,,,,,,"61,13"
Chromdiopsid,Russland,,IF ,grün ,transparent,oval,Cut,"3,67","11,2x9,1x5,1","54,82","14,94",Ebay,"59,99","5,17",,1,,,,,,,,"82,23"
Chromdiopsid,Russland,,VVS 2,grün ,transparent,Rund,Cut,"3,93","10,10x10,10x6,10","69,71","17,74",,,,,1,,,,,,,,"104,57"
Chromdiopsid,Russland,,VS,grün ,transparent,Rund,Cut,"4,04","10,10x10,10x6,10","43,77","10,83",'–,'–,,,1,,,,,,,,"65,66"
Chromdiopsid,Russland,,IF ,grün ,transparent,Smaragd,Cut,"4,35","11,22x9,13x4,99","114,22","26,26",,,,,1,,,,,,,,"171,33"
Chrysoberyll,Vietnam,,VVS,gelb,transparent,Oval,Cut,"0,81",,8,"9,88",,,,,,,,,,,,,
Chrysoberyll,Sri Lanka,,IF ,,transparent,oval,Cut,"1,28",7.80x5.95x3.20,"29,53","23,07",, ,,,1,,,,,,,,"44,3"
Chrysoberyll,Sri Lanka,,IF ,,transparent,Trilliant,Cut,"1,43","6,75x6,75x4,65","39,26","27,45",, ,,,1,,,,,,,,"58,89"
Chrysoberyll,Sri Lanka,,IF ,,transparent,Oktagon,Cut,"1,52",5.80x5.80x4.55,"28,58","18,8",,,,,1,,,,,,,,"42,87"
Chrysoberyll,Sri Lanka,,IF ,,transparent,Oval,Cut,"1,94","8,40x6,00x4,40","25,11","12,94",,,,,1,,,,,,,,"37,67"
Chrysoberyll,Sri Lanka,,VVS,,transparent,Tropfen,Cut,"2,82","11,50x7,85x4,75","34,88","12,37",,,,,1,,,,,,,,"52,32"
Chrysoberyll,Indien,Katzenauge,VS,,transparent,Cabochon,Cut,"6,7","10,32x12,78x7,17","11,31","1,69",,,,,1,,,,,,,,"16,97"
Danburit,Tansania,Katzenauge,I ,gelb,transparent,Cabochon,Cut,"3,55","10x10x4,6",60,"16,9",,,,,1,,,,,,,,90
Danburit,Tansania,,SI,gelb,transparent,rund,Cut,"4,3","10,2x10,2x6,9",60,"13,95",,,,,1,,,,,,,,90
Danburit,Mali,,VS,Gelb,transparent,oval,Cut,"4,61","11,95x8,70x6,90","69,1","14,99",,,,,1,,,,,,,,"103,65"
Danburit,Tansania,Katzenauge,I2,gelb,transparent,Cabochon,Cut,"8,85","18x10x5,5",60,"6,78",,,,,1,,,,,,,,90
Danburit,Tansania,No treatment,,gelb,transpartent,,Rough,17,,"43,2","2,54",3 Stck,,,,,,,,,,,,
Fluorit,Brasilien,,VVS,,transparent,Kissen,Cut,"3,66","9,15x9,10x6,70","7,45","2,04",,,,,1,,,,,,,,"11,18"
Fluorit,Afghanistan,Farbwechsel,VVS,,transparent,Oval,Cut,"9,87","11x17,1x7,4","7,67","0,78",,,,,1,,,,,,,,"11,51"
Fluorit,Afghanistan,Farbwechsel,VVS,,transparent,Tropfen,Cut,"11,77","12,80x17,80s8,40","7,69","0,65",, ,,,1,,,,,,,,"11,54"
Fluorit,Afghanistan,Farbwechsel,VVS,,transparent,Oval,Cut,"16,38","14,1x19,7x8,6","11,43","0,7",,,,,1,,,,,,,,"17,15"
Fluorit,Brasilien,,VVS,,transparent,Fancy,Cut,"17,5","18,25x26,02x10,64","9,4","0,54",,,,,1,,,,,,,,"14,1"
Fluorit,Afghanistan,Farbwechsel,VVS,,transparent,Oval,Cut,"19,21","14,2x20,00x10,00","12,32","0,64",,,,,1,,,,,,,,"18,48"
Fluorit,Afghanistan,Farbwechsel,VVS,Violett-blau,transparent,oval,Cut,"20,04","21,77x11,59x5,38","9,44","0,47",,,,,1,,,,,,,,"14,16"
Fluorit,Brasilien,Farbwechsel,VVS,Blau-violett,transparent,Kissen,Cut,"20,68","16,09x15,94x11,21","95,32","4,61",,,,,1,,,,,,,,"142,98"
Fluorit,Afrika,,VVS,,transparent,Tropfen,Cut,"27,41","25,18x17,46x11,50","9,53","0,35",,,,,1,,,,,,,,"14,3"
Goschenit,Brasilien,,VVS,,transparent,oval,Cut,"3,87",  12.01X8.89X6.01,"7,97","2,06",,,,,1,,,,,,,,"11,96"
Goschenit,Afghanistan,,IF ,,transparent,oval,Cut,"10,95","20,29x12,81x8,15","24,28","2,22",,,,,1,,,,,,,,"36,42"
Granat,Kenia,Tsavorit,VS,Grün ,transparent,Kissen,Cut,"1,39","5,6x6,5x4,4","70,5","50,72",,,,,1,,,,,,,,"105,75"
Granat,Mozambique,Spessartit,IF ,Orange,transparent,oval,Cut,"1,4","7,6x5,2x3,8","9,57","6,84",'–,'–,,,1,,,,,,,,"14,36"
Granat,Kenia,Tsavorit,SI,Grün ,transparent,oval,Cut,"1,52","6x8,4x3,55","57,04","37,53",,,,,1,,,,,,,,"85,56"
Granat,Mali,,VVS,,transparent,Oval,Cut,"1,55",  7.2x5.7x4.7,"28,04","18,09",,,,"1,12","3,6",,,,,,,,"42,06"
Granat,Tansania,Farbwechsel,VVS,Pink-rot,transparent,oval,Cut,"1,88",8x6x4,"52,61","27,98",,,,"1,4","3,92","1,77",,,,,,,"78,92"
Granat,Tansania, ,VVS,pink ,transparent,oval,Cut,2,"8,3x6,5x4,1","33,31","16,66",,,,,1,,,,,,,,"49,97"
Granat,Tansania,Mahenge,IF ,Violett-pink ,transparent,Trilliant,Cut,"2,02","7,77x6,68x4,43","48,14","23,83",Ebay 31.12.23,280,"565,6","1,5","3,88",,,,,,,,"72,21"
Granat,Tansania,Farbwechsel,VS,orange,transparent,Trilliant,Cut,"2,04","7,10x7,00x5,20","56,38","27,64",,,,"1,52","3,92",,,,,,,,"84,57"
Granat,Tansania,Mahenge,VVS,Rot-pink,transparent,Oval,Cut,"2,24","6,50x8,05x5,05","20,74","9,26",,,,"1,66","3,86",mittleres orang gelb,,,,,,,"31,11"
Granat,Mali,,VVS,,transparent,oval,Cut,"2,3","8,6x7,15x4,88","17,28","7,51",,,,,1,,,,,,,,"25,92"
Granat,Tansania,Farbwechsel,VVS,Pink-rot-violett,transparent,Trilliant,Cut,"2,38","6,25x9,05x4,6","25,33","10,64",,,,"1,76","3,84",,,,,,,,38
Granat,Namibia,Spessartit,VVS,Orange-rot,transparent,oval,Cut,"2,54",8.70X7.24X4.09,"11,17","4,4",'–,'–,,"1,94","4,23",,,,,,,,"16,76"
Granat,Afrika,Rhodolit,IF ,Pink-rot,transparent,oval,Cut,"2,63","9,10x7,4x4,6","7,66","2,91",,x,,,1,,,,,,,,"11,49"
Granat,Tansania,Farbwechsel,VVS,,transparent,Oval,Cut,"2,68","7x9,65x4,55","22,69","8,47",,,,"1,98","3,83",,,,,,,,"34,04"
Granat,Tansania,Mahenge,vvs,Pink-rot,transparent,oval,Cut,"2,74","9,5x7,1x5",100,"36,5",Mahenge,,,"2,05","3,97",,,,,,,,150
Granat,Tansania,,VVS,Pink-rot,transparent,oval,Cut,"2,76","9,7x8,1x4",47,"17,03",,,,,1,,,,,,,,"70,5"
Granat,Tansania,,VVS,Rot ,transparent,Oval,Cut,"2,78","9x7x5,5",,0,,,,2,"3,56",,,,,,,,
Granat,Tansania,Tsavorit,SI,Grün ,transparent,Smaragd,Cut,"3,02","13,5x6x4",550,"182,12",,,,"2,15","3,47",,,,,,,,825
Granat,Tansania,Farbwechsel,IF ,Rot ,transparent,Kissen,Cut,"3,02","10,89x8,61x3,39","44,67","14,79",,,,"2,22","3,78",,,,,,,,"67,01"
Granat,Tansania,Mahenge,VVS,Pink-rot,transparent,oval,Cut,"3,04","7,7x9,3x5,3","62,39","20,52",,,,"2,24","3,8",,,,,,,,"93,59"
Granat,Tansania,Farbwechsel,VS,Violett-pink-rot,transparent,Tropfen,Cut,"3,14","11,7x8,1x5",110,"35,03",Ebay 31.12.23,200,628,"2,35","3,97",,,,,,,,165
Granat,Tansania,Farbwechsel,VVS,Violett-rot,transparent,oval,Cut,"3,16","9,1x7,3x5,7","50,15","15,87",,,,"2,38","4,05",,,,,,,,"75,23"
Granat,Madagaskar,Farbwechsel,VVS,,transparent,Oval,Cut,"3,24","9,20x7,10x5,8","24,88","7,68",,,,,1,,,,,,,,"37,32"
Granat,Namibia,Spessartit,VVS,Rot-orange,transparent,Trilliant,Cut,"3,25","10,00x8,00x5,30","23,01","7,08",,'–,,"2,5","4,33","1,79",,,,,,,"34,52"
Granat,Tansania,Farbwechsel pink-rot,VVS,Rot-pink,transparent,oval,Cut,"3,25","11,5x8x5",110,"33,85",,,,,1,,,,,,,,165
Granat,Tansania,Farbwechsel,VVS,Pink-rot,transparent,oval,Cut,"3,36","9,5x8,1x5,1","41,19","12,26",,,,"2,5","3,91",,,,,,,,"61,79"
Granat,Kenia,Tsavorit,VVS,Grün ,transparent,Tropfen,Cut,"3,38",12x7x5,"370,87","109,72",,,,"2,45","3,63",,,,,,,,"556,31"
Granat,Namibia,,VVS,Orange,transparent,Tropfen,Cut,"3,47","9,10x9,10x5","33,74","9,72",,,,"2,6","3,99",,,,,,,,"50,61"
Granat,Namibia,Spessartit,VVS,Rot-orange,transparent,Tropfen,Cut,"3,52","10x7,9x6,1",80,"22,73",,,,"2,66","4,09",,,,,,,,
Granat,Tansania,Mahenge,VVS,rot pastell,transparent,Kissen,Cut,"3,53","9,7x8,15,9",100,"28,33",Mahenge,,,"2,65","4,01",,,,,,,,150
Granat,Mozambique,Rhodolit,VVS,Rot-pink,transparent,oval,Cut,"3,96","10,7x7,5x6",260,"65,66",,,,,1,leichtes bläuliches violett,,,,,,,390
Granat,Tansania,Rhodolit,VVS,Pink-violett,transparent,Oval,Cut,"3,96",11x8x6,70,"17,68",,,,"2,9","3,74",,,,,,,,
Granat,Tansania,Mahenge,VS,violett pastell,transparent,oval,Cut,"4,06","12,6x8,6x5",100,"24,63",Mahenge,,,3,"3,83",,,,,,,,150
Granat,Tansania,Rhodolit,VVS,Rot-pink,transparent,Kissen,Cut,"4,08","11,1x8,9x5",120,"29,41",,,,"3,05","3,96",,,,,,,,180
Granat,Namibia,Spessartit,IF ,,transparent,oval,Cut,"4,21","10,60x8,70x5,20","35,24","8,37",,,,"3,2","4,17",,,,,,,,"52,86"
Granat,Tansania,Umbalith,VVS,Pink-rot,transparent,Rund,Cut,"4,28","10x10x11,2",220,"51,4",Ebay 31.12.23,110,"470,8","3,2","3,96",,,,,,,,330
Granat,Namibia,Spessartit,IF ,,transparent,oval,Cut,"4,33","10,80x8,00x5,50","25,62","5,92",,,,"3,3","4,2",,,,,,,,"38,43"
Granat,Tansania,Umbalith,VVS,Pink-rot,transparent,Kissen,Cut,"4,47","10x9x5,8",280,"62,64",Umba,,,"3,3","3,82",,,,,,,,420
Granat,Tansania,Farbwechsel,,rot,transpartent,,Rough,"4,5",,"131,3","29,18",,,,,,,,,,,,,
Granat,Mozambique,Spessartit,VVS,Orange,transparent,oval,Cut,"4,6","11x9x5,5",63,"13,7",,,,"3,5","4,18",,,,,,,,"94,5"
Granat,Tansania,,VVS,Pink-violett,transparent,Oval,Cut,"4,82",10x9x6,80,"16,6",,,,"3,6","3,95",,,,,,,,
Granat,Tansania,Mahenge,VVS,Rot ,transparent,oval,Cut,"4,84","10x9,3x6",225,"46,49",,,,"3,6","3,9",mittleres violett blau,,,,,,,"337,5"
Granat,Tansania,Mahenge,VVS,rot,transparent,Oktagon,Cut,"4,85","8,9x8x,1x7,00","155,07","31,97",,,,,,,,,,,,,
Granat,Tansania,No treatment,,rosa  ,transpartent,,Rough,"5,2",,"32,2","6,19",,,,,,,,,,,,,
Granat,Tansania,No treatment,,pink,transpartent,,Rough,"5,25",,23,"4,38",,,,,,,,,,,,,
Granat,Tansania,Rhodolit,vs,Pink-rot,transparent,Marquise,Cut,"6,02","14,5x8,00x7,00",175,"29,07",Umba,,,"4,45","3,83",,,,,,,,"262,5"
Granat,Tansania,No treatment,,rot,transpartent,,Rough,"6,05",,9,"1,49",,,,,,,,,,,,,
Granat,Tansania,No treatment,,rosa  ,transpartent,,Rough,"6,05",,"32,3","5,34",,,,,,,,,,,,,
Granat,Tansania,No treatment,,pink,transpartent,,Rough,"6,8",,"29,8","4,38",,,,,,,,,,,,,
Granat,Tansania,No treatment,,rosa  ,transpartent,,Rough,8,,"83,4","10,43",,,,,,,,,,,,,
Granat,Tansania,Mahenge,,rot,transpartent,,Rough,8,,"61,2","7,65",,,,,,,,,,,,,
Granat,Tansania,Umbalith,VVS,Rot-pink,transparent,rechteckig,Cut,"8,58","14,2x8,6,2",220,"25,64",Umba,,,"6,4","3,94","1,771",,,,,,,330
Granat,Tansania,Pyrop-Almadin,VVS,Rot ,transparent,Kissen,Cut,9,"13,5x11,8x8,7",200,"22,22",Umba,,,"6,7","3,91","1,77",,,,,,,300
Granat,Tansania,Pyrop-Almadin,VVS,Rot ,transparent,Rund,Cut,"9,05",12x12x12,160,"17,68",Umba,,,"6,75","3,93","1,77",,,,,,,240
Granat,Tansania,Rhodolit,VVS,rot,transparent,Oktagon,Cut,"9,35","12,4x10,6x7,5","113,72","12,16",,,,,,,,,,,,,
Granat,Tansania,Grossular,I ,Orange,transluzent,oval,Cut,"9,4","14,00x11,00x9,00",100,"10,64",,,,"6,8","3,62","1,75",,,,,,,150
Granat,Tansania,No treatment,,Rot-pink,transpartent,,Rough,"9,5",,"24,2","2,55",,,,,,,,,,,,,
Granat,Tansania,Rhodolit,SI,Rot-pink,transparent,Kissen,Cut,"9,72","13,1x11x8",275,"28,29",Umba,,,"7,2","3,86","1,762",,,,,,,"412,5"
Granat,Tansania,Grossular,VVS,Gelb,transparent,Kissen,Cut,"10,14","14,9x12,2x9,3",170,"16,77",Umba,,,"7,35","3,63","1,75",,,,,,,255
Granat,Tansania,Spessartit,SI,Orange,transparent,Marquise,Cut,"10,8","18,5x10x8,1",450,"41,67",Sangolungulo,,,"8,1",4,"1,789",,,,,,,675
Granat,Tansania,Hessonit,VS,Rot ,transparent,oval,Cut,"10,94","14,9x12,5x9",120,"10,97",Umba,,,"7,95","3,66","1,76",,,,,,,180
Granat,Tansania,No treatment,,rot,transpartent,,Rough,"11,3",,"16,79","1,49",,,,,,,,,,,,,
Granat,Tansania,Mahenge,,rosa  ,transpartent,,Rough,"11,5",,"71,4","6,21",,,,,,,,,,,,,
Granat,Tansania,Rhodolit,VVS,Rot-pink,transparent,Smaragd,Cut,"12,14","14x11,3x9,5",310,"25,54",Umba,,,"8,95","3,81","1,76",,,,,,,465
Granat,Tansania,Mahenge,,rosa  ,transpartent,,Rough,"12,9",,"107,1","8,3",,,,,,,,,,,,,
Granat,Tansania,Mahenge,,violett,transpartent,,Rough,"13,3",,"214,2","16,11",,,,,,,,,,,,,
Granat,Madagaskar,Spessartit,SI,Rot-orange,transparent,Kissen,Cut,"15,2","14,5x12,7x9,1","357,52","23,52",,,,,,,,,,,,,
Granat,Tansania,No treatment,,Rot-pink,transpartent,,Rough,"17,4",,"75,7","4,35",,,,,,,,,,,,,
Granat,Tansania,No treatment,,gelb,transpartent,,Rough,"46,5",,"30,3","0,65",,,,,,,,,,,,,
Granat,Tansania,No treatment,,gelb,transpartent,,Rough,"49,5",,"31,5","0,64",,,,,,,,,,,,,
Granat,Tansania,No treatment,,gelb,transpartent,,Rough,51,,"32,4","0,64",,,,,,,,,,,,,
Granat,Tansania,No treatment,,gelb,transpartent,,Rough,52,,"33,1","0,64",,,,,,,,,,,,,
Granat,Tansania,No treatment,,gelb,transpartent,,Rough,"55,4",,"35,7","0,64",,,,,,,,,,,,,
Granat,Tansania,No treatment,,gelb,transpartent,,Rough,"66,35",,"45,2","0,68",,,,,,,,,,,,,
Granat,Tansania,No treatment,,gelb,transpartent,,Rough,"88,15",,"56,8","0,64",,,,,,,,,,,,,
Granat,Tansania,No treatment,,gelb,transpartent,,Rough,"99,2",,"67,5","0,68",,,,,,,,,,,,,
Granat,Madagaskar,7 Rohsteine Malaya,VVS,Rot-orange,transparent,,Rough,250,,1290,"5,16",,,,"23,5",#WERT!,,,,,,,,1935
Hackmanit,Afghanistan,,IF-vvs,,transparent,oval,Cut,"3,79","11,05x9,11x6,38","682,2",180,,,,,1,,,,,,,,"1023,3"
Heliodor,Ukraine,Rohstein,,Grün ,transparent,,Rough,"28,4",,"88,28","3,11",,,,,1,,,,,,,,"132,42"
Heliodor,Ukraine,Rohstein,,Grün ,transparent,,Rough,"60,25",,"194,21","3,22",,,,,1,,,,,,,,"291,32"
Heliodor,Ukraine,Rohstein,,Grün ,transparent,,Rough,"118,3",,"460,81","3,9",,,,,1,,,,,,,,"691,22"
Heliodor,Ukraine,Rohstein,,Grün ,transparent,,Rough,"119,7",,"441,38","3,69",,,,,1,,,,,,,,"662,07"
Iolith,Indien,,VVS,Blau ,transparent,oval,Cut,"1,34","9,10x7,00x3,80","9,1","6,79",Ebay,"12,99","3,89",,1,,,,,,,,"13,65"
Klinohumit,Tansania,No treatment,,Orange-gelb,transpartent,,Rough,"2,9",,"17,95","6,19",,,,,,,,,,,,,
Klinohumit,Tansania,No treatment,,Orange-gelb,transpartent,,Rough,"5,75",,"35,6","6,19",,,,,,,,,,,,,
Kornerupin,Vietnam,Luc Yen,VVS,Grün-gelb,transparent,oval,Cut,"1,44",,"9,76","6,78",,,,,,,,,,,,,
Kornerupin,Vietnam,Luc Yen,VVS,Grün-gelb,transparent,,Rough,"7,7",,"52,21","6,78",,,,,,,,,,,,,
Kunzit,Afghanistan,,VVS,Pink,transparent,Trilliant,Cut,"3,93","9,52x13,17x5,15","20,19","5,14",,,,,1,,,,,,,,"30,29"
Kunzit,Afghanistan,,VVS,Pink,transparent,oval,Cut,"4,64","11,72x7,23x7,26","7,97","1,72",,,,,1,,,,,,,,"11,96"
Kunzit,Afghanistan,,VVS,Pink,transparent,Tropfen,Cut,"5,82",12x9,"76,31","13,11",,,,,1,,,,,,,,"114,47"
Kunzit,Afghanistan,,VVS,Weiß,transparent,Trilliant,Cut,"6,72","10,70x13,73x7,50",5,"0,74",Ebay,"3,99","-1,01",,1,,,,,,,,"7,5"
Kunzit,Afghanistan,Patroke,VVS,Pink,transparent,Trilliant,Cut,"7,16","12,54x10,97x8,37",23,"3,21",,,,,1,,,,,,,,"34,5"
Kunzit,Afghanistan,,IF ,Pink,transparent,Trilliant,Cut,"7,2","14,2x9,6x9","41,01","5,7",'–,'–,,,1,,,,,,,,"61,52"
Kunzit,Afghanistan,,VVS,Pink,transparent,Kissen,Cut,"7,84",14x9 ,"35,94","4,58",,,,,1,,,,,,,,"53,91"
Kunzit,Afghanistan,,VVS,Pink,transparent,Kissen,Cut,"8,45",12x10x5,"47,56","5,63",,,,,1,,,,,,,,"71,34"
Kunzit,Afghanistan,,VVS,Pink,transparent,Oval,Cut,"8,95",15x11,"49,11","5,49",,,,,1,,,,,,,,"73,67"
Kunzit,Afghanistan,,VVS,Pink,transparent,Oval,Cut,"9,15",12x9,"65,61","7,17",,,,,1,,,,,,,,"98,42"
Kunzit,Afghanistan,,VVS,Pink,transparent,Kissen,Cut,"10,81","18,30x9,00x8,50","16,21","1,5",,,,,1,,,,,,,,"24,32"
Kunzit,Pakistan,,VVS,Pink,transluzent,Tropfen,Cut,"12,08","17,87x11,6x9,2","39,11","3,24",,,,,1,,,,,,,,"58,67"
Kunzit,Afghanistan,,IF ,Pink,transparent,Oktagon,Cut,"12,14","17,00x9,40x8,00","20,8","1,71",,,,,1,,,,,,,,"31,2"
Kunzit,Afghanistan,,VVS,Pink,transparent,Oval,Cut,"13,79",17x11,"73,9","5,36",,,,,1,,,,,,,,"110,85"
Kunzit,Afghanistan,,VS,Pink,transparent,oval,Cut,"16,06",18x14,"131,58","8,19",,,,,1,,,,,,,,"197,37"
Kunzit,Pakistan,,VVS,Pink,transparent,Trilliant,Cut,"21,33",19x18,"65,34","3,06",,,,,1,mittleres gün blau,,,,,,,"98,01"
Kunzit,Afghanistan,,VVS,Pink,transparent,oval,Cut,"21,47","20,87x13,06x10,66","23,01","1,07",,,,,1,,,,,,,,"34,52"
Kunzit,Pakistan,,VVS,Pink,transparent,Tropfen,Cut,"25,66", 21.81x13.68x12.82 ,"46,34","1,81",,,,,1,,,,,,,,"69,51"
Kunzit,Afghanistan,,IF ,Pink,transparent,oval,Cut,"25,69", 18.4 x16.6 x11.6,"62,39","2,43",,,,,1,,,,,,,,"93,59"
Kunzit,Afghanistan,,VVS,Pink,transparent,Tropfen,Cut,"27,01","19,52x16,69x13,3","40,26","1,49",,,,,1,,,,,,,,"60,39"
Kunzit,Afghanistan,,IF,Pink,transparent,Smaragd,Cut,"41,5","21,64x15,88x13,54",450,"10,84",,,,"28,5","3,19",,,,,,,,675
Kunzit,Afghanistan,No treatment,VVS,pink,transparent,Oktagon,Cut,"92,56","28,83x21,67x17,06","612,63","6,62",,,,,,,,,,,,,
Kyanit,Nepal,,VVS,Blau ,transparent,Smaragd,Cut,"3,5","10,00x6,00x5,20","42,9","12,26",'–,'–,,,1,,,,,,,,"64,35"
Kyanit,Nepal,,IF ,Blau ,transparent,Smaragd,Cut,"3,9","10,00x6,00x5,20","43,7","11,21",'–,'–,,,1,,,,,,,,"65,55"
Labradorit,Regenbogenmondstein,No treatment,VVS,Regenbogen,transpartent,,Cut,"1,81",,92,"50,83",,,,,,,,,,,,,
Labradorit,Regenbogenmondstein,No treatment,VVS,Regenbogen,transpartent,,Cut,"2,01",,102,"50,75",,,,,,,,,,,,,
Labradorit,Regenbogenmondstein,No treatment,VVS,Regenbogen,transpartent,,Cut,"2,226",,114,"51,12",,,,,,,,,,,,,
Labradorit,Regenbogenmondstein,No treatment,VVS,Regenbogen,transpartent,,Cut,"2,59",,63,"24,32",,,,,,,,,,,,,
Labradorit,Regenbogenmondstein,No treatment,VVS,Regenbogen,transpartent,,Cut,"2,97",,64,"21,55",,,,,,,,,,,,,
Labradorit,Regenbogenmondstein,No treatment,VVS,Regenbogen,transpartent,,Cut,"3,7",,80,"21,62",,,,,,,,,,,,,
Marialtith,Tansania,,VS,bronze,transparent,Tropfen,Cut,"13,4",20x12,"142,79","10,66",,,,,1,,,,,,,,"214,19"
Mondstein,Madagaskar,,VS,,transparent,Cabochon,Cut,"2,52","14,25x5,8x4,6","29,68","11,78",,,,,1,,,,,,,,"44,52"
Mondstein,Indien,,VS,,transparent,Cabochon,Cut,"3,7","7,58x11,20x5,54","12,03","3,25",,,,,1,,,,,,,,"18,05"
Mondstein,Indien,,VS,,transparent,Cabochon,Cut,"4,09","13,07x9,05x5,58","14,7","3,59",,,,,1,,,,,,,,"22,05"
Mondstein,Indien,,VS,,transparent,Cabochon,Cut,"4,2","7,87x11,26x6,15","12,17","2,9",,,,,1,,,,,,,,"18,26"
Mondstein,Indien,,VS,,transparent,Cabochon,Cut,"5,9","15,06x10,92x5,42","22,05","3,74",,,,,1,,,,,,,,"33,08"
Montebrasit,Brasilien,,VVS,weiß,transparent,Smaragd,Cut,"1,34","7,13x6,12x4,28",117,"87,31",,,,,1,,,,,,,,"175,5"
Montebrasit,Brasilien,,VVS,Grün ,transparent,Smaragd,Cut,"1,62","7,06x6,17x4,9",117,"72,22",,,,,1,"1,695-1,700",,,,,,,"175,5"
Montebrasit,Brasilien,,VS,blau,transparent,Oktagon,Cut,"2,42",,"149,61","61,82",,,,,1,,,,,,,,"224,42"
Morganit,Mozambique,,IF ,Peach-pink,transparent,oval,Cut,"1,58",9x5,299,"189,24",uv,,,,1,,,,,,,,"448,5"
Morganit,Brasilien,,VVS,Peach-pink,transparent,Oval,Cut,"2,31","9,40x7,30x4,70","44,5","19,26",,,,,1,,,,,,,,"66,75"
Morganit,Brasilien,,IF ,Peach-pink,transparent,Trilliant,Cut,"2,34","9,8x9,65x3,9","11,8","5,04",Ebay,"29,79","17,99",,1,,,,,,,,"17,7"
Morganit,Brasilien,,IF ,Peach-pink,transparent,Oktagon,Cut,"2,64",11.19 x 6.40 x 4.63,"17,96","6,8",,,,,1,,,,,,,,"26,94"
Morganit,Mozambique,,VVS,Peach-pink,transparent,Oktagon,Cut,"2,79",12x6,"37,08","13,29",,,,,1,,,,,,,,"55,62"
Morganit,Brasilien,,VVS,Peach-pink,transparent,Kissen,Cut,"3,08","

9.77 x 8.15 x 6.03","19,21","6,24",Ebay 31.12.23,110,"338,8",,1,,,,,,,,"28,82"
Morganit,Brasilien,,VVS,Peach-pink,transparent,Fancy,Cut,"3,09","10,76x8,97x5,94","71,63","23,18",,,,,1,,,,,,,,"107,45"
Morganit,Brasilien,,VVS,Peach-pink,transparent,Tropfen,Cut,"3,14","13,30x8,91x4,39","25,97","8,27",,,,,1,,,,,,,,"38,96"
Morganit,Brasilien,,VVS,Peach-pink,transparent,Trilliant,Cut,"3,35","10,7x10,7x5,6","44,94","13,41",279,180,,,1,,,,,,,,"67,41"
Morganit,Brasilien,,VVS,Peach-pink,transparent,Oktagon,Cut,"3,38",11.42 x 6.66 x 5.70,"10,9","3,22",,,,,1,,,,,,,,"16,35"
Morganit,Brasilien,,VVS,Peach-pink,transparent,Oval,Cut,"3,44","

10.68 x 8.83 x 6.08","11,29","3,28",,,,,1,,,,,,,,"16,94"
Morganit,Mozambique,,VVS,Peach-pink,transparent,Kissen,Cut,"3,44","13x7,9x5",14,"4,07",Ebay 31.12.23,100,344,,,,,,,,,,
Morganit,Brasilien,,VVS,Peach-pink,transparent,oval,Cut,"3,45","13,03x7,48x5,05","49,33","14,3",,,,,1,,,,,,,,74
Morganit,Brasilien,,VVS,Peach-pink,transparent,Kissen,Cut,"3,51",10.55 x 9.21 x 6.16,"12,25","3,49",Ebay,"25,5","13,25",,1,,,,,,,,"18,38"
Morganit,Mozambique,,VVS,Peach-pink,transparent,Kissen,Cut,"3,51","10,76x9,84x5,51","15,77","4,49",Ebay,"18,99","3,22",,1,,,,,,,,"23,66"
Morganit,Brasilien,,VVS,Peach-pink,transparent,Oval,Cut,"3,79","11,15x9,05x6,00","36,25","9,56",,,,,1,,,,,,,,"54,38"
Morganit,Brasilien,,VVS,Peach-pink,transparent,oval,Cut,"3,95","11,00x8,60x7,10","28,79","7,29",Ebay,"29,99","1,2",,1,,,,,,,,"43,19"
Morganit,Brasilien,,VVS,Peach-pink,transparent,Oktagon,Cut,"4,08","10,20x8,20x6,30","56,56","13,86",,,,,1,,,,,,,,"84,84"
Morganit,Brasilien,,VVS,Peach-pink,transparent,Oval,Cut,"4,1","11,50x9,16x6,26","41,2","10,05",,,,,1,,,,,,,,"61,8"
Morganit,Brasilien,,VVS,Peach-pink,transparent,Trilliant,Cut,"4,17","11,70x11,00x6,20","120,32","28,85",,,,,1,,,,,,,,"180,48"
Morganit,Brasilien,,VVS,Peach-pink,transparent,Trilliant,Cut,"4,31","12,84x11,02x5,88","22,8","5,29",,,,,1,,,,,,,,"34,2"
Morganit,Brasilien,,VVS,Peach-pink,transparent,Oval,Cut,"4,45","13,81x11,02x4,64","36,96","8,31",,,,,1,,,,,,,,"55,44"
Morganit,Brasilien,,VVS,Peach-pink,transparent,Oval,Cut,"4,48","13,48x10,58x5,28","36,47","8,14",,,,,1,,,,,,,,"54,71"
Morganit,Brasilien,,VVS,Peach-pink,transparent,Tropfen,Cut,"4,55",15.99x8.99x6.00,"31,55","6,93",Ebay,"39,99","8,44",,1,,,,,,,,"47,33"
Morganit,Brasilien,,VVS,Peach-pink,transparent,Oval,Cut,"4,65","13,65x11,10x6,06","7,78","1,67",,,,,1,,,,,,,,"11,67"
Morganit,Brasilien,,VVS,Peach-pink,transparent,Oktagon,Cut,"5,15","11,45x7,10x6,10","54,21","10,53",,,,,1,,,,,,,,"81,32"
Morganit,Brasilien,,VVS,Peach-pink,transparent,Tropfen,Cut,"6,77","18,30x9,61x6,72","61,19","9,04",,,,,1,,,,,,,,"91,79"
Morganit,Brasilien,,VVS,Peach-pink,transparent,Tropfen,Cut,"6,8","17.20x9,72x7,50","55,98","8,23",,,,,1,,,,,,,,"83,97"
Morganit,Brasilien,,IF ,Peach-pink,transparent,Smaragd,Cut,"6,88","13,10x10,00x6,70","67,05","9,75",Ebay 31.12.23,110,"756,8",,1,,,,,,,,"100,58"
Morganit,Brasilien,,VVS,Peach-pink,transparent,oval,Cut,"6,92","15x10,59x7,07","92,14","13,32",,,,,1,,,,,,,,"138,21"
Morganit,Brasilien,,IF ,Peach-pink,transparent,Trilliant,Cut,"7,2",16.48x8.68x6.03,"42,51","5,9",,,,,1,,,,,,,,"63,77"
Morganit,Brasilien,,VVS,Peach-pink,transparent,Oval,Cut,"7,31","14,56x11,46x6,77","40,66","5,56",,,,,1,,,,,,,,"60,99"
Morganit,Brasilien,,IF ,Peach-pink,transparent,Tropfen,Cut,"8,43","18,75x11,05x7,10","57,64","6,84",,,,,1,,,,,,,,"86,46"
Morganit,Brasilien,,VVS,Peach-pink,transparent,Oktagon,Cut,"9,62",13.93 x 10.05 x 8.15,"46,81","4,87",,,,,1,,,,,,,,"70,22"
Morganit,Brasilien,,IF ,Peach-pink,transparent,Kissen,Cut,"11,87","15x15x9,2","69,66","5,87",uv,,,,1,,,,,,,,"104,49"
Morganit,Mozambique,Rohstein,Vs-vvs,Peach-pink,transparent,30 Stck.,Rough,1005,,900,"0,9",,,,,1,"1,695-1,700",,,,,,,1350
Natronlite,?,Rohstein,I ,Weiß,transparent,,Rough,"24,96",,27,"1,08",,,,,1,,,,,,,,"40,5"
Oligoklas,Madagaskar,,VVS,,transparent,Rund,Cut,"2,27","9,11x9,06x4,83","9,17","4,04",,,,,1,,,,,,,,"13,76"
Oligoklas,Madagaskar,,VVS,,transparent,Tropfen,Cut,"5,76","14,90x10,78x7,05","15,35","2,66",,,,,1,,,,,,,,"23,03"
Opal,Äthiopien,Welo,VVS,,transparent,Trilliant,Cut,"1,6",10x9x4,"7,83","4,89",,,,,1,,,,,,,,"11,75"
Opal,Äthiopien,,VVS,Multi Color ,transparent,Tropfen,Cut,"1,62","11,62x7,81x4,82","22,7","14,01",,,,,1,,,,,,,,"34,05"
Opal,Äthiopien,Welo,IF ,,transparent,oval,Cut,2,  12x9x4,"15,57","7,79",,,,,1,,,,,,,,"23,36"
Opal,Äthiopien,Welo,VVS,,transparent,Oval,Cut,2,13x7x4,"9,42","4,71",,,,,1,,,,,,,,"14,13"
Opal,Äthiopien,Welo,VVS,,transparent,Trilliant,Cut,2,10x10x6,"13,61","6,81",,,,,1,,,,,,,,"20,42"
Opal,Äthiopien,Welo,VVS,,transparent,freiform,Cut,2,14x5x3,"11,13","5,57",,,,,1,,,,,,,,"16,7"
Opal,Äthiopien,Welo,VVS,Multi Color ,transparent,freiform,Cut,"2,15","11x10x4,5",21,"9,77",,,,,1,,,,,,,,"31,5"
Opal,Äthiopien,Welo,IF ,,transparent,Tropfen,Cut,"2,17",12.51x8.30x4.94,"29,53","13,61",,,,,1,,,,,,,,"44,3"
Opal,Äthiopien,Welo,VVS,,transparent,Tropfen,Cut,"2,3",16x9x4,"30,59","13,3",,,,,1,,,,,,,,"45,89"
Opal,Mexico,Feuer,VVS,,transparent,Tropfen,Cut,"2,36",18.32 x 7.06 x 4.14,"23,81","10,09",,,,,1,,,,,,,,"35,72"
Opal,Mexico,,IF ,,transparent,Oktagon,Cut,"2,38",11.58 x 6.90 x 5.00,"27,14","11,4",,,,,1,,,,,,,,"40,71"
Opal,Äthiopien,Welo,VVS,,transparent,Cabochon,Cut,"2,4",11x8x5,"21,64","9,02",,,,,1,,,,,,,,"32,46"
Opal,Äthiopien,Welo,IF ,,transparent,Oval,Cut,"2,46","14,56x8,90x4,24","51,62","20,98",,,,,1,,,,,,,,"77,43"
Opal,Äthiopien,Welo,VVS,,transparent,Fancy,Cut,"2,5","11,50x8,50x5","9,97","3,99",,,,,1,"1,695-1,698",,,,,,,"14,96"
Opal,Äthiopien,Welo,VVS,,transparent,Fancy,Cut,"2,5",8x10x7,"19,58","7,83",,,,,1,,,,,,,,"29,37"
Opal,Äthiopien,Welo,VVS,,transparent,Tropfen,Cut,"2,6",10x10x7,"50,03","19,24",,,,,1,,,,,,,,"75,05"
Opal,Äthiopien,Welo,VVS,,transparent,Tropfen,Cut,"2,6",14x9x5,"14,61","5,62",,,,,1,,,,,,,,"21,92"
Opal,Australien,,IF ,,transluzent,Trilliant,Cut,"2,64","11,00x9,30x4,50","28,74","10,89",,,,,1,,,,,,,,"43,11"
Opal,Australien,,opaque,,opaque,oval,Cut,"2,75","13,44x10,07x5,49","22,92","8,33",,,,,1,,,,,,,,"34,38"
Opal,Äthiopien,Welo,IF ,,transparent,freiform,Cut,"2,78","12x10x4,62","27,47","9,88",,,,,1,"1,695-1,702",,,,,,,"41,21"
Opal,Brasilien,,VVS,,transparent,Cabochon,Cut,"2,8","12,63x8,38x5,11","10,2","3,64",,,,,1,,,,,,,,"15,3"
Opal,Äthiopien,Welo,VVS,,transparent,freiform,Cut,"2,9",12x10x6,"14,2","4,9",,,,,1,,,,,,,,"21,3"
Opal,Australien,,opaque,,Opaque,Cabochon,Cut,"2,9","9,59x9,56x6,62","14,61","5,04",,,,,1,,,,,,,,"21,92"
Opal,Madagaskar,Kiwi,VVS,,transparent,Oval,Cut,"2,98","12,60x8,30x6,22","15,82","5,31",,,,,1,,,,,,,,"23,73"
Opal,Äthiopien,Welo,VVS,,transparent,freiform,Cut,3,11x8x4,"21,54","7,18",,,,,1,,,,,,,,"32,31"
Opal,Äthiopien,Welo,VVS,,transparent,freiform,Cut,3,12x10x5,"32,63","10,88",,,,,1,,,,,,,,"48,95"
Opal,Mexico,Feuer,IF ,gelb,transparent,Smaragd,Cut,"3,04",15.52 x 7.42 x 4.22,"7,52","2,47",'–,'–,,,1,,,,,,,,"11,28"
Opal,Australien,,opaque,,opaque,oval,Cut,"3,05",11.49x8.28x5.99 ,"32,09","10,52",,,,,1,,,,,,,,"48,14"
Opal,Australien,Schwarz LR,,Multi Color ,Opaque,Fancy,Cut,"3,08",10.7 x 9.5 x 4.7,410,"133,12",,,,,1,,,,,,,,615
Opal,Äthiopien,Welo,VVS,,transparent,Oval,Cut,"3,11","15,54x8,90x4,40","137,32","44,15",,,,,1,,,,,,,,"205,98"
Opal,Äthiopien,Welo,VS,Multi Color ,transparent,Fancy,Cut,"3,15","19,85x6,95x5,28","45,71","14,51",,,,,1,,,,,,,,"68,57"
Opal,Äthiopien,Welo,VVS,,transparent,Cabochon,Cut,"3,2",12x8x6,"23,13","7,23",,,,,1,,,,,,,,"34,7"
Opal,Mexico,Feuer,VVS,,transparent,Oval,Cut,"3,21","13,70x9,10x6,30","47,13","14,68",,,,,1,,,,,,,,"70,7"
Opal,Äthiopien,Welo,IF ,,transparent,oval,Cut,"3,3",  13x8x6,"16,36","4,96",,,,,1,,,,,,,,"24,54"
Opal,Äthiopien,Welo,IF ,,transparent,freiform,Cut,"3,45","15,00x10,50x6,00","23,75","6,88",,,,,1,,,,,,,,"35,63"
Opal,Äthiopien,Welo,IF ,,transparent,freiform,Cut,"3,5","13,5x9x5","13,41","3,83",,,,,1,,,,,,,,"20,12"
Opal,Äthiopien,Welo,IF ,,transparent,freiform,Cut,"3,5",11x8x6,"28,19","8,05",,,,,1,,,,,,,,"42,29"
Opal,Äthiopien,Welo,VVS,,transparent,Marquise,Cut,"3,56",13x11x9,"27,19","7,64",,,,,1,,,,,,,,"40,79"
Opal,Äthiopien,Welo,VVS,Multi Color ,transparent,Kissen,Cut,"3,62","14,77x7,57x5,97","31,83","8,79",,,,,1,,,,,,,,"47,75"
Opal,Äthiopien,Welo,IF ,,transparent,freiform,Cut,"3,8","16.00x10,5x6,6","20,59","5,42",,,,,1,,,,,,,,"30,89"
Opal,Äthiopien,Welo,VVS,,transparent,Cabochon,Cut,"3,8",16x8x6,"34,32","9,03",,,,,1,,,,,,,,"51,48"
Opal,Äthiopien,Welo,VVS,,transparent,Oval,Cut,"3,9",14x10x6,"40,4","10,36",,,,,1,,,,,,,,"60,6"
Opal,Äthiopien,Welo,VVS,Multi Color ,transparent,Tropfen,Cut,"3,9","14,97x9,45x5,66","50,33","12,91",,,,,1,,,,,,,,"75,5"
Opal,Äthiopien,Welo,VVS,,transparent,freiform,Cut,4,"15,50x6,50x5,50","66,33","16,58",,,,,1,,,,,,,,"99,5"
Opal,Äthiopien,Welo,VVS,,transparent,Rund,Cut,"4,14","12,00x6,23","33,49","8,09",,,,,1,,,,,,,,"50,24"
Opal,Äthiopien,Welo,VVS,,transparent,Kissen,Cut,"4,32","23,67x9,52x3,83","61,06","14,13",,,,,1,,,,,,,,"91,59"
Opal,Mexico,Feuer,VVS,,transparent,Oval,Cut,"4,32","15,90x10,26x6,49","43,09","9,97",,,,,1,,,,,,,,"64,64"
Opal,Mexico,Feuer,IF ,,transparent,Tropfen,Cut,"4,35",18.74 x 9.06 x 5.67,"65,42","15,04",,,,,1,,,,,,,,"98,13"
Opal,Äthiopien,Welo,IF ,,transparent,freiform,Cut,"4,4","12,57x9,74x7,23","40,06","9,1",,,,,1,,,,,,,,"60,09"
Opal,Äthiopien,Welo,IF ,,transparent,freiform,Cut,"4,5",20x7x5,"30,88","6,86",,,,,1,"1,693-1,701",,,,,,,"46,32"
Opal,Mexico,Feuer,IF ,,transparent,oval,Cut,"4,56",12.47x10.19x7.89 ,"38,63","8,47",Ebay,"49,99","11,36",,1,,,,,,,,"57,95"
Opal,Mexico,Feuer,VVS,gelb,transluzent,oval,Cut,"4,6",13.33x10.55x6.98,"7,52","1,63",Ebay,"9,99","2,47",,1,,,,,,,,"11,28"
Opal,Äthiopien,Welo,VVS,,transparent,Oval,Cut,"4,68","13,65x9,86x7,28","7,78","1,66",,,,,1,,,,,,,,"11,67"
Opal,Australien,,Opaque,,Opaque,Cabochon,Cut,"4,68",16.10 x 10.41 x 6.37,"42,58","9,1",Ebay,"49,99","7,41",,1,,,,,,,,"63,87"
Opal,Australien,,VVS,,Opaque,Cabochon,Cut,"4,87","

14.52x11.12x6.78","56,87","11,68",Ebay,"59,99","3,12",,1,,,,,,,,"85,31"
Opal,Äthiopien,Welo,VVS,,transparent,Cabochon,Cut,"5,1",15x11x4,"47,86","9,38",,,,,1,,,,,,,,"71,79"
Opal,Äthiopien,Welo,VVS,,transparent,Cabochon,Cut,"5,25",13x11x8,"27,19","5,18",,,,,1,,,,,,,,"40,79"
Opal,Äthiopien,Welo,IF ,,transparent,freiform,Cut,"5,5","16x12,5x4,5","23,88","4,34",,,,,1,,,,,,,,"35,82"
Opal,Mexico,,VVS,,transparent,Tropfen,Cut,"5,8","25,40x7,71x6,42","27,45","4,73",,,,,1,,,,,,,,"41,18"
Opal,Äthiopien,Welo,VVS,,transparent,freiform,Cut,6,21x11x5,"21,75","3,63",,,,,1,,,,,,,,"32,63"
Opal,Äthiopien,Welo,VVS,Multi Color ,transparent,Kissen,Cut,6,"13,87x10,10x7,73","47,37","7,9",,,,,1,,,,,,,,"71,06"
Opal,Äthiopien,Welo,IF ,,transparent,freiform,Cut,"6,4",19x10x8,26,"4,06",,,,,1,,,,,,,,39
Opal,Mexico,Feuer,IF ,,transparent,Tropfen,Cut,"6,48","21,25x10,18x7,17","23,78","3,67",,,,,1,,,,,,,,"35,67"
Opal,Äthiopien,Welo,VS,Multi Color ,transparent,Tropfen,Cut,"6,73","18,06x12,58x7,10","61,71","9,17",,,,,1,,,,,,,,"92,57"
Opal,Äthiopien,Welo,IF ,,transparent,freiform,Cut,7, 20x10x9,"20,56","2,94",,,,,1,,,,,,,,"30,84"
Opal,Äthiopien,Welo,IF ,,transparent,freiform,Cut,7,23x9x8,"108,64","15,52",,,,,1,,,,,,,,"162,96"
Opal,Äthiopien,Welo,VVS,,transparent,Cabochon,Cut,7,19x11x6,"25,85","3,69",,,,,1,,,,,,,,"38,78"
Opal,Australien,,VVS,,Opaque,Tropfen,Cut,"7,38",20.13x13.29x7.13,"37,49","5,08",,,,,1,,,,,,,,"56,24"
Opal,Mexico,Feuer,IF ,,transparent,Tropfen,Cut,"7,61","26,01x9,72x6,82","38,35","5,04",,,,,1,,,,,,,,"57,53"
Opal,Äthiopien,Welo,VVS,Multi Color ,transparent,Cabochon,Cut,"7,65","14x9,26","53,44","6,99",,,,,1,,,,,,,,"80,16"
Opal,Australien,,VVS,Rot-gold-grün,Opaque,Cabochon,Cut,"7,92",18.71x12.35x7.49,"20,48","2,59",'–,'–,,,1,,,,,,,,"30,72"
Opal,Äthiopien,Welo,VVS,,transparent,freiform,Cut,"8,5",20x8x5,"39,24","4,62",,,,,1,,,,,,,,"58,86"
Opal,Äthiopien,Welo,IF ,,transparent,freiform,Cut,"8,85",18x12x8,"41,44","4,68",,,,,1,,,,,,,,"62,16"
Opal,Äthiopien,Welo,IF ,,transluzent,fancy,Cut,"8,95","18,98x14,65x6,86",125,"13,97",,,,,1,,,,,,,,"187,5"
Opal,Äthiopien,Welo,VVS,,transparent,Tropfen,Cut,"9,02","21,13x14,36x7,20","229,28","25,42",,,,,1,,,,,,,,"343,92"
Opal,Australien,schwarz,Opaque,,opaque,oval,Cut,"9,25",17.70 x 12.83 x 7.03,"48,46","5,24",,,,,1,,,,,,,,"72,69"
Opal,Äthiopien,Welo,VVS,,transparent,Fancy,Cut,"9,29","20,65x13,20x6,76",74,"7,97",,,,,1,,,,,,,,111
Opal,Äthiopien,Welo,VVS,,transparent,freiform,Cut,"9,5",23x12x9,"73,19","7,7",,,,,1,,,,,,,,"109,79"
Opal,Australien,schwarz,opaque,,opaque,Trilliant,Cut,"10,01","24,21x18x4,36","32,09","3,21",,,,,1,,,,,,,,"48,14"
Opal,Äthiopien,Welo,IF ,,transparent,Roh,Cut,"15,7",,52,"3,31",,,,,1,,,,,,,,78
Opal,Australien,schwarz,Opaque,,opaque,oval,Cut,"15,71",24.95x18.08x5.77,"106,69","6,79",,,,,1,,,,,,,,"160,04"
Opal,Äthiopien,Welo,VVS,,transparent,freiform,Cut,"16,5",20x16x12,"91,69","5,56",,,,,1,,,,,,,,"137,54"
Opal,Mexico,Feuer,VVS,,transparent,Trilliant,Cut,"17,05",23.11x21.92x10.77,"45,11","2,65",Ebay,"76,25","31,14",,1,,,,,,,,"67,67"
Opal,Äthiopien,Welo,VVS,,transparent,Cabochon,Cut,18,"25x16x10,5","62,51","3,47",,,,,1,,,,,,,,"93,77"
Opal,Australien,,IF ,,transluzent,freiform,Cut,19,21.77 x 14.19 x 8.73,"10,38","0,55",,,,,1,,,,,,,,"15,57"
Opal,Mexiko,Feuer,VVS,,transparent,Tropfen,Cut,"19,95","38,00x13,11x9,02","122,22","6,13",,,,,1,,,,,,,,"183,33"
Opal,Äthiopien,Welo,Opaque,,Opaque,Roh,Cut,"31,7",,"39,99","1,26",,,,,1,,,,,,,,"59,99"
Opal,Australien,Boulder,Opaque,,Opaque,Fancy,Cut,"36,3",38.06 x 17.43 x 6.16,"7,61","0,21",,,,,1,,,,,,,,"11,42"
Opal,Australien,Boulder,Opaque,,Opaque,Fancy,Cut,"47,72",35.96 x 21.79 x 7.02,"7,61","0,16",,,,,1,,,,,,,,"11,42"
Opal,Australien,Boulder,Opaque,,Opaque,freiform,Cut,"53,59",42.71 x 18.51 x 7.68 ,"7,59","0,14",,,,,1,,,,,,,,"11,39"
Opal,Australien,Boulder,Opaque,,Opaque,freiform,Cut,"55,01",42.71 x 18.51 x 7.68 ,"41,78","0,76",,,,,1,,,,,,,,"62,67"
Orthoklas,Brasilien,,VVS,,transparent,oval,Cut,"2,08","9,34x8,07x5,21","3,98","1,91",'–,'–,,,1,,,,,,,,"5,97"
Orthoklas,Brasilien,,VVS,,transparent,Trilliant,Cut,"3,43",10.64 x 10.50 x 6.76,"9,38","2,73",,,,,1,,,,,,,,"14,07"
Peridot,Burma,Mogok,IF ,,transparent,Tropfen,Cut,"2,74","10,00x7,60x5,70","15,19","5,54",'–,'–,,,1,,,,,,,,"22,79"
Peridot,Burma,,IF ,Grün ,transparent,oval,Cut,"3,04","10,0x7,9x5,6","28,21","9,28",'–,'–,,,1,,,,,,,,"42,32"
Peridot,China,2x,VVS,Grün ,transparent,Kissen,Cut,"3,15",8x6,"9,3","2,95",,,,,1,,,,,,,,"13,95"
Peridot,Pakistan,2,VVS,Grün ,transparent,Herz,Cut,"3,7",7.82 x 7.93 x 5.03,"11,46","3,1",Ebay,"13,57","2,11",,1,,,,,,,,"17,19"
Peridot,Pakistan,4,VS,Grün ,transparent,Trilliant,Cut,"3,84",6.02  x 6.05 x 3.72,"7,56","1,97",Ebay,"11,99","4,43",,1,,,,,,,,"11,34"
Peridot,Pakistan,2,VVS,Grün ,transparent,oval,Cut,"4,09",9.13 x 7.23 x 4.46,"7,56","1,85",Ebay,"12,49","4,93",,1,,,,,,,,"11,34"
Peridot,Burma,Mogok,IF ,,transparent,Tropfen,Cut,"4,48","12,50x8,40x6,20","27,32","6,1",,,,,1,,,,,,,,"40,98"
Peridot,Pakistan,2,VVS,,transparent,Kissen,Cut,"4,65","8,07x8,04x4,87","16,37","3,52",Ebay,"19,99","3,62",,1,,,,,,,,"24,56"
Petalit,Brasilien,,VVS,,transparent,Smaragd,Cut,"3,23","11,52x8,37x5,09","12,17","3,77",,,,,1,"1,695-1,700",,,,,,,"18,26"
Petalit,Brasilien,,VVS,Weiß,transparent,Kissen,Cut,"3,7",10.21x10.10x6.54,"10,29","2,78",Ebay,"12,99","2,7",,1,,,,,,,,"15,44"
Petalit,Brasilien,,VVS,Weiß,transparent,Kissen,Cut,"4,6","13,70x9,55x5,79","11,17","2,43",Ebay,"12,99","1,82",,1,,,,,,,,"16,76"
Petalit,Brasilien,,VVS,,transparent,Fancy,Cut,"6,63","18,5x11,5",0,0,,,,,1,,,,,,,,0
Pezzottait,Madagaskar,,SI,,transparent,Kissen,Cut,"2,02","9,19x7,16x4,29","58,55","28,99",,,,,1,,,,,,,,"87,83"
Pollucit,Brasilien,,VVS,,transparent,Oktagon,Cut,"1,3","6,41x6,40x4,68","7,97","6,13",'–,'–,,,1,,,,,,,,"11,96"
Pollucit,Brasilien,,VVS,,transparent,Trilliant,Cut,"1,46",9.32 x 7.36 x 4.68,"7,97","5,46",,,,,1,,,,,,,,"11,96"
Pollucit,Brasilien,,VVS,,transparent,Trilliant,Cut,"2,98",11.36 x 7.85 x 5.61,"7,97","2,67",,,,,1,,,,,,,,"11,96"
Prehnit,Mali,,VVS,,transparent,Cabochon,Cut,"6,2","12,00x9,70x6,80","7,97","1,29",'–,'–,,,1,,,,,,,,"11,96"
Prehnit,Mali,,VS,,transparent,Cabochon,Cut,"10,2","13,60x10,80x9","7,97","0,78",,,,,1,,,,,,,,"11,96"
Quarz,Tansania,No treatment,,gelb,transpartent,,Rough,"34,15",,3,"0,09",,,,,,,,,,,,,
Quarz,Tansania,No treatment,,gelb,transpartent,,Rough,"54,4",,"4,79","0,09",,,,,,,,,,,,,
Quarz,Tansania,No treatment,,gelb,transpartent,,Rough,"65,95",,"5,8","0,09",,,,,,,,,,,,,
Quarz,Tansania,No treatment,,Violett,transpartent,,Rough,"151,1",,"13,3","0,09",,,,,,,,,,,,,
Quarz,Tansania,No treatment,,Weiß-gelb-violett,transpartent,,Rough,"682,05",,23,"0,03",,,,,,,,,,,,,
Rosenquarz,Brasilien,,VVS,,transparent,Kissen,Cut,23,19x14x10,"17,67","0,77",,,,,1,,,,,,,,"26,51"
Rubellit,Mozambique,,IF ,,transparent,oval,Cut,"1,34",8.80x5.50x3.95,"20,21","15,08",'–,'–,,,1,,,,,,,,"30,32"
Rubellit,Mozambique,,IF ,Violett-Rot,transparent,Marquise,Cut,"1,51","13,9x5x3,55","14,99","9,93",'–,'–,,,1,,,,,,,,"22,49"
Rubin,Mozambique,Clarity Enhanced,VS,,transparent,Smaragd,Cut,"1,78","9,21x4,78x3,81","7,78","4,37",,,,,1,,,,,,,,"11,67"
Rubin,Tansania,Umba ,I ,Bläulich-rot,transparent,fancy,Cut,"4,2","10,5x6x5,9",55,"13,1",,,,"3,14","3,96",,,,,,,,
RubinHornb.,Tansania,No treatment,,rot,transpartent,,Rough,"122,5",,"4,8","0,04",,,,,,,,,,,,,
Saphir,Sri Lanka,,VVS,,transparent,oval,Cut,"1,07",  6.8 x 5.5 x 3.3,"26,34","24,62",,,,,1,,,,,,,,"39,51"
Saphir,Tansania,nicht erhitzt,SI,Violett,transparent,Tropfen,Cut,"1,08","7,7x6x3,2","12,98","12,02",nicht erhitzt,,,,1,,,,,,,,"19,47"
Saphir,Sri Lanka,,VVS,,transparent,Tropfen,Cut,"1,13","8,60x5,65x2,8","14,04","12,42",,,,,1,,,,,,,,"21,06"
Saphir,Madagaskar,nicht erhitzt,VS,blau,transparent,rund,Cut,"1,15","6,45x6,45x3,85","88,41","76,88",,,,,1,,,,,,,,"132,62"
Saphir,Tansania,nicht erhitzt,VS,pastellblau,transparent,oval,Cut,"1,55","6,6x5,7x4,2","26,57","17,14",Umba,,,,1,,,,,,,,"39,86"
Saphir,Madagaskar,No treatment,VS,orange,transparent,Kissen,Cut,"1,55","7,6x5,5x3,2","123,2","79,48",,,,,,,,,,,,,
Saphir,Madagaskar,,VS,blau,transparent,rund,Cut,"1,69","7,1x4,6","114,54","67,78",nicht erhitzt,,,,1,,,,,,,,"171,81"
Saphir,Sri Lanka,,SI,blau,transparent,oval,Cut,"1,73","8,5x5,4x3,8","38,12","22,03",erhitzt,,,,1,,,,,,,,"57,18"
Saphir,Tansania,nicht erhitzt,IF,Grün ,transparent,,Cut,"1,78",,100,"56,18",,,,,1,,,,,,,,150
Saphir,,No treatment,VS,Gelb-grün,transparent,Oval,Cut,"1,78","8,55x6,54x3,87","91,32","51,3",,,,,,,,,,,,,
Saphir,Sri Lanka,Hitze behandelt,VVS,blau,transparent,Kissen,Cut,"1,85","8,3x5x4,6",175,"94,59",,,,,,,,,,,,,
Saphir,,No treatment,VVS,grün,transparent,Oval,Cut,"1,9","9,3x5,92x4,19","258,2","135,89",,,,,,,,,,,,,
Saphir,,erhitzt,VVS,Blau-grün,transparent,Oktagon,Cut,"2,04","8,27x5,40x4,73",360,"176,47",,,,,,,,,,,,,
Saphir,Madagaskar,No treatment,SI,Violett-pink,transparent,Oval,Cut,"2,22","8,05x6,79x5,15","365,11","164,46",,,,,,,,,,,,,
Saphir,Sri Lanka,erhitzt,vs,blau,transparent,oval,Cut,"2,24","8x6x5,7",900,"401,79",,,,,1,,,,,,,,1350
Saphir,Sri Lanka,No treatment,VVS,Violett,transparent,Oval,Cut,"2,25","8,1x6,4x5,00","542,75","241,22",,,,,,,,,,,,,
Saphir,Tansania,Farbwechsel,SI,blau,transparent,Kissen,Cut,"2,62","8,9x6,2x5,1",275,"104,96","Umba, nicht erhitzt",,,"1,98","4,09",,,,,,,,"412,5"
Saphir,Sri Lanka,,SI,,transparent,Tropfen,Cut,"2,62","10,60x7,60x4,40","29,57","11,29",,,,,1,,,,,,,,"44,36"
Saphir,Australien,,SI,,transparent,,Rough,"2,65",,"39,22","14,8",,,,,,,,,,,,,
Saphir,Australien,,SI,,transparent,,Rough,"3,2",,"48,43","15,13",,,,,,,,,,,,,
Saphir,Tansania,No treatment,SI,Grün ,transparent,oval,Cut,"3,27","9,2x8,1x5,9",275,"84,1","Umba, nicht erhitzt",,,,1,"1,695-1,705",,,,,,,"412,5"
Saphir,Australien,,SI,,transparent,,Rough,"3,4",,"50,32","14,8",,,,,,,,,,,,,
Saphir,Australien,,SI,,transparent,,Rough,"3,6",,"53,28","14,8",,,,,,,,,,,,,
Saphir,Tansania,No treatment,,Blau-grün,transpartent,,Rough,"3,75",,"66,8","17,81",,,,,,,,,,,,,
Saphir,Australien,,SI,,transparent,,Rough,"3,8",,"56,24","14,8",,,,,,,,,,,,,
Saphir,Australien,,SI,,transparent,,Rough,"3,85",,"92,4",24,,,,,,,,,,,,,
Saphir,Tansania,No treatment,,Blau-grün,transpartent,,Rough,"3,9",,"85,37","21,89",,,,,,,,,,,,,
Saphir,Tansania,No treatment,,Blau-grün,transpartent,,Rough,"3,95",,"75,4","17,95",,,,,,,,,,,,,
Saphir,Tansania,No treatment,,Blau-grün,transpartent,,Rough,"4,2",,"80,14","18,95",,,,,,,,,,,,,
Saphir,Tansania,Farbwechsel,SI2,Grün-gelb,transparent,rechteckig,Cut,"4,23","7,5x7,5x6",280,"66,19","Umba, nicht erhitzt",,,,1,,,,,,,,420
Saphir,Tansania,No treatment,,Blau-grün,transpartent,,Rough,"4,35",,"95,22","19,43",,,,,,,,,,,,,
Saphir,Tansania,No treatment,,rosa  ,transpartent,,Rough,"4,9",,"59,5","12,14",,,,,,,,,,,,,
Saphir,Australien,,SI,grün,transparent,,Rough,"5,15",,"123,6",24,,,,,,,,,,,,,
Saphir,Tansania,No treatment,,Pink-violett,transpartent,,Rough,"5,2",,"63,1","12,13",,,,,,,,,,,,,
Saphir,Tansania,No treatment,,blau,transpartent,,Rough,"5,45",,"110,1","20,2",,,,,,,,,,,,,
Saphir,Tansania,No treatment,I ,Grün ,transparent,rechteckig,Cut,"5,81","11,3x8x5,9",275,"47,33","Umba, nicht erhitzt",,,,1,,,,,,,,"412,5"
Saphir,Tansania,No treatment,I ,Blau-grün,transparent,rechteckig,Cut,"6,85","12,8x8,5x6,1",1450,"211,68","Umba, nicht erhitzt",,,"5,12","3,96",,,,,,,,2175
Saphir,Tansania,No treatment,,violett,transpartent,,Rough,"7,45",,90,"12,08",,,,,,,,,,,,,
Saphir,Australien,,SI,,transparent,,Rough,"7,6",,"197,6",26,,,,,,,,,,,,,
Saphir,Australien,,SI,,transparent,,Rough,"8,1",,"210,6",26,,,,,,,,,,,,,
Saphir,Australien,,SI,,transparent,,Rough,"9,4",,"244,4",26,,,,,,,,,,,,,
Saphir,Tansania,No treatment,VS,Orange,transparent,,Rough,"9,42",,220,"23,35",,,,"7,05","3,97",,,,,,,,330
Saphir,Australien,,SI,,transparent,,Rough,"10,55",,"274,3",26,,,,,,,,,,,,,
Saphir,Tansania,No treatment,,Orange,transpartent,,Rough,"20,2",,"408,1","20,2",,,,,,,,,,,,,
Saphir,Tansania,No treatment,,grün,transpartent,,Rough,"20,45",,"254,8","12,46",,,,,,,,,,,,,
Saphir,Tansania,No treatment,,gelb,transpartent,,Rough,"23,45",,"473,7","20,2",,,,,,,,,,,,,
Saphir,Tansania,No treatment,,Gelb-grün,transpartent,,Rough,"27,85",,"562,6","20,2",,,,,,,,,,,,,
Saphir,Tansania,No treatment,,Pink-violett,transpartent,,Rough,"40,7",,"822,2","20,2",,,,,,,,,,,,,
Sillimanit,Madagaskar,,IF ,Grün ,transparent,oval,Cut,"2,44","9,84x7,40x4,90","7,91","3,24",Ebay,"12,99","5,08",,1,,,,,,,,"11,87"
Sillimanit,Afrika,,VVS,,transparent,oval,Cut,"3,12","10,29x7,21x5,74","7,66","2,46",Ebay,"20,51","12,85",,1,,,,,,,,"11,49"
Sillimanit,Madagaskar,,VVS,,transparent,oval,Cut,"3,71",12.75 x 8.14 x 4.85,"14,41","3,88",, ,,,1,,,,,,,,"21,62"
Smaragd,Brasilien,,vs,Grün ,transparent,Smaragd,Cut,"1,48","8,7x5,4x3,6",210,"141,89",,,,,1,,,,,,,,315
Smaragd,Afghanistan,geölt,VS,grün,transparent,Oktagon,Cut,"1,5","8,77x5,54x3,59","204,18","136,12",,,,,,,,,,,,,
Smaragd,Sambia,,VS,,transparent,Tropfen,Cut,2,13x7x3,"113,91","56,96",,,,,1,,,,,,,,"170,87"
Smaragd,Sambia,,VS,,transparent,Tropfen,Cut,"2,1",13x7x3,"164,21","78,2",,,,,1,,,,,,,,"246,32"
Sonnenstein,USA,,VVS,Blau-grün,transparent,Fancy,Cut,"1,93",,"327,27","169,57",,,,,1,,,,,,,,"490,91"
Sonnenstein,USA,,VVS,Rot ,transparent,Marquise,Cut,"3,61",,"260,88","72,27",,,,,1,,,,,,,,"391,32"
Sonnenstein,USA,,VVS,Grün ,transparent,Smaragd,Cut,"5,2","13x8,5x6",280,"53,85",1,,,,1,,,,,,,,420
Sonnenstein,USA,Schiller,VS,Grün-rot,transparent,Rund,Cut,"7,85",13x13x9,230,"29,3",2,,,,1,,,,,,,,345
Sonnenstein,USA,Rohstein,,Rot-blau-grün,transparent,,Rough,8,"12,3x12x9",58,"7,25",,,,,1,,,,,,,,87
Sonnenstein,USA,Rohstein,,Rot-grün,transparent,,Rough,"10,2","17,7x10,3x9,6",94,"9,22",,,,,1,,,,,,,,141
Sonnenstein,Kongo,Katzenauge,,gold,transluzent,Cabochon,Cut,"10,7","14,19x10,89x9,91","41,64","3,89",,,,,1,,,,,,,,"62,46"
Sonnenstein,USA,Rohstein,,Rot ,transparent,,Rough,"13,16","15,9x14,4x8,2",69,"5,24",,,,,1,,,,,,,,"103,5"
Sonnenstein,USA,Rohstein,,Blau-grün,transparent,,Rough,"15,42", ,"79,45","5,15",,,,,1,,,,,,,,"119,18"
Sonnenstein,USA,Rohstein,,Rot ,transparent,,Rough,"24,28",20x16x11 ,350,"14,42",,,,,1,,,,,,,,525
Sonnenstein,USA,Rohstein,,Pink-blau-grün,transparent,,Rough,"28,06","21,7x22,2x11,4",176,"6,27",2,,,,1,,,,,,,,264
Sonnenstein,USA,Rohstein,,Rot ,transparent,,Rough,"28,1","19,8x18,5x13,4","123,87","4,41",,,,,1,,,,,,,,"185,81"
Sonnenstein,USA,Rohstein,,Rot ,transparent,,Rough,"28,64",22x17x15,386,"13,48",,,,,1,,,,,,,,579
Sonnenstein,USA,Rohstein,,Rot ,transparent,,Rough,"28,7",26x17x11,"126,48","4,41",,,,,1,,,,,,,,"189,72"
Sonnenstein,USA,Rohstein,,Grün-rot,transparent,,Rough,"30,62","27,5x17,4x10,2","140,82","4,6",,,,,1,,,,,,,,"211,23"
Sonnenstein,USA,Rohstein,,Grün-rot,transparent,,Rough,"30,7","25,5x17x15","144,88","4,72",,,,,1,,,,,,,,"217,32"
Sonnenstein,USA,Rohstein,,Rot-pink,transparent,,Rough,"30,8",,"79,45","2,58",,,,,1,,,,,,,,"119,18"
Sonnenstein,USA,Rohstein,,Gold-pink,transparent,,Rough,"32,07",,"123,59","3,85",,,,,1,,,,,,,,"185,39"
Sonnenstein,USA,Rohstein,,Grün-rot,transparent,,Rough,"32,86","27x13,9x11,1","154,06","4,69",,,,,1,,,,,,,,"231,09"
Sonnenstein,USA,Rohstein,,Grün-pink,transparent,,Rough,"37,02",31x14x11,"172,05","4,65",,,,,1,,,,,,,,"258,08"
Sonnenstein,USA,Rohstein,,Rot ,transparent,,Rough,"38,37","26x18,5x14x5","144,74","3,77",,,,,1,,,,,,,,"217,11"
Sonnenstein,USA,Rohstein,2-Kern,Rot ,transparent,,Rough,"38,77","22,9x18,8x14","127,79","3,3",,,,,1,,,,,,,,"191,69"
Sonnenstein,USA,Rohstein,,Rot-grün,transparent,,Rough,"39,9","22x16,9x15,1","211,76","5,31",,,,,1,,,,,,,,"317,64"
Sonnenstein,USA,Rohstein,,Grün-pink,transparent,,Rough,"47,92",36x19x13,"338,04","7,05",,,,,1,,,,,,,,"507,06"
Sonnenstein,USA,Rohstein,,Grün-rot,transparent,,Rough,"59,16","27,5x25,8x17","260,84","4,41",1,,,,1,,,,,,,,"391,26"
Sonnenstein,USA,Rohstein,2-Kern,Grün ,transparent,,Rough,"77,1","27,6x22,3x17,2","180,59","2,34",,,,,1,,,,,,,,"270,89"
Sonnenstein,USA,Rohstein,,Grün-rot,transparent,,Rough,"119,5","43x26x17,7","433,56","3,63",,,,,1,"1,698-1,705",,,,,,,"650,34"
Sphalerit,Spanien,,VVS,,transparent,Oktagon,Cut,"1,17","8,1x4,4x2,9","7,37","6,3",,,,,1,,,,,,,,"11,06"
Sphalerit,Spanien,,VVS,,transparent,Trilliant,Cut,"1,29","6,65x6,55x4,14","6,5","5,04",,,,,1,,,,,,,,"9,75"
Sphalerit,Bulgarien,,SI,Grün ,transparent,Trilliant,Cut,"1,8","7,7x7,5x4,3",185,"102,78",,,,,1,,,,,,,,"277,5"
Sphalerit,Spanien,,VVS,Orange,transparent,Trilliant,Cut,"2,54","8x8x5,5",100,"39,37",229,150,,,1,,,,,,,,150
Sphalerit,Spanien,,VVS,,transparent,Oktagon,Cut,"4,11","

8.71 x 7.43 x 6.31","44,39","10,8",, ,,,1,,,,,,,,"66,59"
Sphalerit,Spanien,,VS,,transparent,Kissen,Cut,"4,77","9,70x8,12x6,17","25,55","5,36",,,,,1,,,,,,,,"38,33"
Sphalerit,Spanien,,VVS,,transparent,Tropfen,Cut,"4,81",11.80 x 8.01 x 6.45,"56,85","11,82",, ,,,1,,,,,,,,"85,28"
Sphalerit,Spanien,,VVS,,transparent,Kissen,Cut,"5,16","10,26x8,92x5,91","22,87","4,43",,,,,1,,,,,,,,"34,31"
Sphalerit,Spanien,,VVS,,transparent,oval,Cut,"5,95","11,25x8,75x7,20","67,44","11,33",,,,,1,,,,,,,,"101,16"
Sphalerit,Spanien,,VVS,,transparent,Oval,Cut,"6,16","11,80x9,15x6,55","115,07","18,68",,,,,1,,,,,,,,"172,61"
Sphalerit,Spanien,,SI,,transparent,Kissen,Cut,"6,72",10.70x8.93x7.16,"53,85","8,01",,,,,1,,,,,,,,"80,78"
Sphalerit,Spanien,,VVS,,transparent,Oktagon,Cut,7,"

10.99 x 9.28 x 7.59","42,83","6,12",, ,,,1,,,,,,,,"64,25"
Sphalerit,Spanien,,VVS,Gelb-orange,transparent,rund,Cut,"7,26","11,9x7",275,"37,88",Ebay 31.12.23,125,"907,5",,,,,,,,,,
Sphalerit,Spanien,,VS,,transparent,Kissen,Cut,"10,1","14,40x10,47x6,98","87,2","8,63",,,,,1,,,,,,,,"130,8"
Sphalerit,Bulgarien,Rohstein,SI,Grün ,transparent,Trilliant,Cut,"12,26",15.2x 11.4x7.5,185,"15,09",,,,,1,,,,,,,,"277,5"
Sphalerit,Spanien,,VVS,,transparent,Tropfen,Cut,"15,95",  16.90 x 14.38 x 7.93,"125,72","7,88",,,,,1,,,,,,,,"188,58"
Sphalerit,Spanien,Rohstein,VVS,Orange,transparent,,Rough,"50,26",24.0x16.0x13.7,275,"5,47",,,,,1,,,,,,,,"412,5"
Sphen,Brasilien,,VVS,,transparent,oval,Cut,"0,95",7x5,299,"314,74",uv,,,,1,,,,,,,,"448,5"
Sphen,Afghanistan,,VS,Grün-gelb,transparent,oval,Cut,"1,47","8,2x5,4x4,4","7,6","5,17",Ebay,"9,99","2,39",,1,,,,,,,,"11,4"
Sphen,Russland,,VVS,,transparent,Tropfen,Cut,"1,81","6,85x6,20x5,00","18,49","10,22",,,,,1,,,,,,,,"27,74"
Sphen,Pakistan,,VVS,,transparent,Oval,Cut,"1,92",10x8,"27,86","14,51",,,,,1,,,,,,,,"41,79"
Sphen,Madagaskar,,VVS,,transparent,Tropfen,Cut,"2,05",8.9x6.4x4.7,"18,05","8,8",Ebay,22,"3,95",,1,,,,,,,,"27,08"
Sphen,Madagaskar,,VVS,,transparent,oval,Cut,"2,11",8.8x6.4x4.6,"29,67","14,06",Ebay,"34,07","4,4",,1,,,,,,,,"44,51"
Sphen,Russland,,IF ,,transparent,Oval,Cut,"2,2","8,8x7,8x4,2","46,81","21,28",,,,,1,,,,,,,,"70,22"
Sphen,Russland,,VS,gelb ,transparent,Kissen,Cut,"2,24","10,50x5,60x4,20","38,49","17,18",,,,,1,,,,,,,,"57,74"
Sphen,Russland,,VVS,Grün ,transparent,Oval,Cut,"2,31","9,2x6,9x4","88,83","38,45",,,,,1,,,,,,,,"133,25"
Sphen,Russland,,VS,,transparent,Trilliant,Cut,"2,42","9,68x8,55x4,59","15,59","6,44",Ebay,26,"10,41",,1,,,,,,,,"23,39"
Sphen,Tansania,,VVS,,transparent,Oktagon,Cut,"2,43","9,40x5,90x4,30","45,5","18,72",,,,,1,,,,,,,,"68,25"
Sphen,Madagaskar,,IF ,,transparent,Smaragd,Cut,"2,76",11.2x5.2x4.4,"48,36","17,52",,,,,1,,,,,,,,"72,54"
Sphen,Tansania,,SI,Grün ,transparent,oval,Cut,"2,84","9,4x8x5","27,46","9,67",,,,,1,,,,,,,,"41,19"
Sphen,Afghanistan,,VS,,transparent,Fancy,Cut,"2,86","11,6x7,8x4,6","24,3","8,5",Ebay,"29,99","5,69",,1,,,,,,,,"36,45"
Sphen,Madagaskar,,VVS,,transparent,Tropfen,Cut,3,"12,43x7,57x5,00","47,8","15,93",,,,,1,,,,,,,,"71,7"
Sphen,Madagaskar,,VVS,Grün ,transparent,rund,Cut,"3,04","8x8,5x5,9",270,"88,82",,,,,1,,,,,,,,405
Sphen,Pakistan,,VVS,,transparent,Tropfen,Cut,"3,18",13x10,"26,54","8,35",,,,,1,,,,,,,,"39,81"
Sphen,Madagaskar,No treatment,VVS,Geb-orange,transparent,Oval,Cut,"3,73","10,68x8,10x5,47","226,86","60,82",,,,,,,,,,,,,
Sphen,Russland,,VVS,,transparent,Oval,Cut,"3,95","10,4x8x5,5","69,57","17,61",,,,,1,,,,,,,,"104,36"
Sphen,Russland,,VVS,Gelb-grün,transparent,Trilliant,Cut,"4,06","14,50x10,05x4,95","82,29","20,27",,,,,1,,,,,,,,"123,44"
Sphen,Sri Lanka,,vvs,Gelb-grün,transparent,Kissen,Cut,"4,08","8,4x8,1x6,3",145,"35,54",,,,,1,,,,,,,,"217,5"
Sphen,Sri Lanka,,VVS,,transparent,Oktagon,Cut,"4,37","12,80x7,00x4,70","78,6","17,99",,,,,1,,,,,,,,"117,9"
Sphen,Sri Lanka,,VVS,,transparent,Oval,Cut,"4,81","11,60x8,20x6,50","51,74","10,76",,,,,1,,,,,,,,"77,61"
Sphen,Pakistan,,VS,,transparent,oval,Cut,"7,5","12x9,5x7,9","97,72","13,03",,,,,1,,,,,,,,"146,58"
Spinell,Vietnam,Luc Yen,VVS,pink,transparent,rund,Cut,"1,02",,"22,88","22,43",,,,,,,,,,,,,
Spinell,Sri Lanka,,VVS,Blau ,transparent,oval,Cut,"1,09","6,85x5,17x3,60","9,2","8,44",Ebay,"9,99","0,790000000000001",,1,,,,,,,,"13,8"
Spinell,Sri Lanka,,VVS,,transparent,Tropfen,Cut,"1,1","7x6,9x3,2","10,52","9,56",'–,'–,,,1,,,,,,,,"15,78"
Spinell,,,vvs,Violett,transparent,Oval,Cut,"1,16","7x5,8x3,9",200,"172,41",,,,,1,,,,,,,,300
Spinell,Burma,Mogok,IF ,,transparent,Kissen,Cut,"1,25","8,30x5,45x3,15","16,21","12,97",,,,,1,,,,,,,,"24,32"
Spinell,Vietnam,Luc Yen,VVS,pink,transparent,rund,Cut,"1,26",,"28,26","22,43",,,,,,,,,,,,,
Spinell,Vietnam,Luc Yen,VVS,pink,transparent,rund,Cut,"1,27",,"28,49","22,43",,,,,,,,,,,,,
Spinell,Sri Lanka,,VVS,,transparent,Kissen,Cut,"1,57","9,03x5,40x3,42","37,84","24,1",,,,,1,,,,,,,,"56,76"
Spinell,Burma,Mogok,IF ,,transparent,Kissen,Cut,"1,75","7,50x6,40x3,9","25,68","14,67",,,,,1,,,,,,,,"38,52"
Spinell,Sri Lanka,,VVS,,transparent,Kissen,Cut,"1,75","7x6,2x4,6","29,5","16,86",,,,,1,,,,,,,,"44,25"
Spinell,Sri Lanka,syn,IF ,blau,transparent,Kissen,Cut,"1,86","7,00x6,70x4,60","38,87","20,9",'–,'–,,,1,,,,,,,,"58,31"
Spinell,Burma,Mogok,VVS,,transparent,Kissen,Cut,"1,88","7,15x7,05x4,70","30,76","16,36",,,,,1,,,,,,,,"46,14"
Spinell,Brasilien,,VVS,Blau ,transparent,Oval,Cut,"1,92","8,92x6,43x4,31","52,56","27,38",,,,,1,,,,,,,,"78,84"
Spinell,Sri Lanka,,IF ,,transparent,Kissen,Cut,"1,95","7,80x6,90x4,60","66,33","34,02",,,,,1,,,,,,,,"99,5"
Spinell,Burma,Mogok,VVS,,transparent,Kissen,Cut,"1,97","9,20x6,20x3,80","21,43","10,88",'–,'–,,,1,,,,,,,,"32,15"
Spinell,Tansania,,VVS,,transparent,Kissen,Cut,2,"7,5x7,3x4,6","32,99","16,5",,,,,1,,,,,,,,"49,49"
Spinell,Vietnam,Luc Yen,VVS,orange,transparent,Herz,Cut,2,,"44,86","22,43",,,,,,,,,,,,,
Spinell,Burma,Mogok,IF ,,transparent,Kissen,Cut,"2,03","8,4x6,1x4,4","18,78","9,25",'–,'–,,,1,,,,,,,,"28,17"
Spinell,Sri Lanka,,VVS,,transparent,Kissen,Cut,"2,04","8,60x6,50x3,70","54,47","26,7",,,,,1,,,,,,,,"81,71"
Spinell,Sri Lanka,,vs,blau,transparent,Smaragd,Cut,"2,04","7x6,7x5,8",147,"72,06",,,,,1,,,,,,,,"220,5"
Spinell,Sri Lanka,,VVS,,transparent,Kissen,Cut,"2,06","7,25x6,95x4,55","24,54","11,91",,,,,1,,,,,,,,"36,81"
Spinell,Sri Lanka,,vs,blau,transparent,Fancy,Cut,"2,08","9,3x7x5,8",115,"55,29",,,,,1,,,,,,,,"172,5"
Spinell,Tansania,,VVS,,transparent,Kissen,Cut,"2,3","8,7x6,7x4","56,65","24,63",,,,,1,,,,,,,,"84,98"
Spinell,Burma,Mogok,IF ,rot/orange,transparent,Rund,Cut,"2,34","8,8x7,2x4,7",0,0,?,,,,1,,,,,,,,0
Spinell,Burma,Mogok,IF ,,transparent,Kissen,Cut,"2,35","7,4x7,3x4,8","93,94","39,97",,,,,1,,,,,,,,"140,91"
Spinell,Sri Lanka,2x,VVS,,transparent,Oval,Cut,"2,35","6,3x5,0x4,0","7,24","3,08",,,,,1,,,,,,,,"10,86"
Spinell,Sri Lanka,,VVS,,transparent,Trilliant,Cut,"2,38","9,23x9,05x4,68","19,76","8,3",'–,'–,,,1,,,,,,,,"29,64"
Spinell,Burma,Mogok,IF ,,transparent,Kissen,Cut,"2,39",9x7x4,"31,31","13,1",,,,,1,,,,,,,,"46,97"
Spinell,Tansania,Mahenge,vvs,Silber-grau,transparent,Kissen,Cut,"2,5","8x6,5x5",180,72,,,,,1,,,,,,,,270
Spinell,Tansania,Farbwechsel,VVS,Violett-rot,transparent,Trilliant,Cut,"2,65","8,95x9x5,1","238,44","89,98",,,,,1,,,,,,,,"357,66"
Spinell,Sri Lanka,,IF ,,transparent,Oval,Cut,"2,75","9,40x7,40x5,00","49,09","17,85",,,,,1,,,,,,,,"73,64"
Spinell,Sri Lanka,,VVS,,transparent,Fancy,Cut,"2,75",,750,"272,73",uv,,,,1,,,,,,,,1125
Spinell,Sri Lanka,,IF ,Rot ,transparent,oval,Cut,"2,78","8,8x7,7x5,1","39,04","14,04",'–,'–,,,1,,,,,,,,"58,56"
Spinell,Sri Lanka,,VVS,rosa  ,transparent,oval,Cut,"2,79",8.50 x 6.94 x 5.07,"11,42","4,09",?,,,,1,,,,,,,,"17,13"
Spinell,Sri Lanka,,VVS,,transparent,Kissen,Cut,"2,83",9.65X6.84X5.04,"21,92","7,75",Ebay,"29,99","8,07",,1,,,,,,,,"32,88"
Spinell,Burma,Mogok,IF ,,transparent,Kissen,Cut,"2,92","9,30x8,50x4,50","29,27","10,02",,,,,1,,,,,,,,"43,91"
Spinell,Sri Lanka,,VVS,,transparent,Rund,Cut,"3,03","8,98x8,25x4,71",181,"59,74",uv,,,,1,,,,,,,,"271,5"
Spinell,Sri Lanka,,VS,,transparent,Oval,Cut,"3,2","9,30x7,40x5,50","117,45","36,7",,,,,1,,,,,,,,"176,18"
Spinell,Burma,syn,IF ,,transparent,Kissen,Cut,"3,43","11,00x7,20x4,70","109,79","32,01",,,,,1,,,,,,,,"164,69"
Spinell,Burma,Mogok,VVS,,transparent,oval,Cut,"3,7",10.3x9x5.3,"79,84","21,58",,,,,1,,,,,,,,"119,76"
Spinell,Tansania,Cobalt,,blau,transpartent,,Rough,4,,"107,1","26,78",,,,,,,,,,,,,
Spinell,Burma,syn,IF ,,transparent,oval,Cut,"4,98","11,09x8,0x7,12","100,11","20,1",uv,,,,1,,,,,,,,"150,17"
Spinell,Tansania,Farbwechsel,,rot,transpartent,,Rough,"5,25",,"214,2","40,8",,,,,,,,,,,,,
Spinell,Tansania,No treatment,,Pink-blau ,transpartent,,Rough,"8,5",,"36,3","4,27",2 Stck,,,,,,,,,,,,
Spinell,Tansania,Farbwechsel,,blau,transpartent,,Rough,"9,5",,"193,2","20,34",,,,,,,,,,,,,
Spinell,Tansania,Mahenge,,blau,transpartent,,Rough,10,,232,"23,2",,,,,,,,,,,,,
Sterndiopsid,Rußlandd,,,Grün ,transluzent,Cabochon,Cut,"4,11",10x8x5,"7,85","1,91",,,,,1,,,,,,,,"11,78"
Sternsaphir,Thailand,,VS,,transparent,Cabochon,Cut,"1,01","5,8x5,4x3,2","7,75","7,67",,,,,1,,,,,,,,"11,63"
Sternsaphir,Thailand,,,schwarz,Opaque,Oval,Cut,"5,52","12x9,3x5","14,96","2,71",,,,,1,,,,,,,,"22,44"
Sternsaphir,Thailand,,Opaque,schwarz,transluzent,Cabochon,Cut,"7,56",,"19,15","2,53",,,,,1,,,,,,,,"28,73"
Sternsaphir,Thailand,,,schwarz,Opaque,Oval,Cut,"7,67","13x10,3x4,8","19,7","2,57",,,,,1,,,,,,,,"29,55"
Sternsaphir,Thailand,,,schwarz,transluzent,oval,Cut,"7,68","12x9x5,5","38,69","5,04",,,,,1,,,,,,,,"58,04"
Sternsaphir,Sri Lanka,,,,Opaque,Cabochon,Cut,"8,13","13,3x11,2x5,8","20,26","2,49",,,,,1,,,,,,,,"30,39"
Sternsaphir,Thailand,,Opaque,schwarz,transluzent,Cabochon,Cut,"9,28","12,2x10,8x5,8","33,5","3,61",,,,,1,,,,,,,,"50,25"
Sternsaphir,Thailand,,,,Opaque,Cabochon,Cut,"9,73","12,5x10,6x6,2","31,44","3,23",,,,,1,,,,,,,,"47,16"
Sternsaphir,Thailand,,Opaque,schwarz,transluzent,Cabochon,Cut,"10,24",,"46,52","4,54",,,,,1,,,,,,,,"69,78"
Sternsaphir,Thailand,,,,Opaque,Cabochon,Cut,"10,57","13,61x11,7x5,5","53,52","5,06",,,,,1,,,,,,,,"80,28"
Sternsaphir,Thailand,,Opaque,,Opaque,Cabochon,Cut,"10,79",13x11.2x5.8 ,"15,73","1,46",,,,,1,,,,,,,,"23,6"
Sternsaphir,Sri Lanka,,,,Opaque,Cabochon,Cut,"27,01","18,4x13x9,6","73,86","2,73",,,,,1,,,,,,,,"110,79"
Tansanit,Tansania,,VVS,Violett-blau,transparent,Kissen,Cut,"0,91",5.87 x 5.96 x 3.09,"20,67","22,71",'–,'–,,,1,,,,,,,,"31,01"
Tansanit,Tansania,,VVS,Violett-blau,transparent,Trilliant,Cut,"0,92", 6.93 x 6.96 x 3.37,"19,9","21,63",'–,'–,,,1,,,,,,,,"29,85"
Tansanit,Tansania,,IF ,,transparent,Trilliant,Cut,"0,95",6.83 x 6.77 x 3.38,"8,4","8,84",Ebay,"24,75","16,35",,1,,,,,,,,"12,6"
Tansanit,Tansania,,VVS,,transparent,Trilliant,Cut,"0,95",6.44X6.49X3.39 ,"11,45","12,05",,,,,1,,,,,,,,"17,18"
Tansanit,Tansania,,VVS,Violett-blau,transparent,rund,Cut,"0,96","5,50x5,50x4,56","12,44","12,96",'–,'–,,,1,,,,,,,,"18,66"
Tansanit,Tansania,,VVS,,transparent,Rund,Cut,"0,96",5.50x5.50x4.56,"11,82","12,31",,,,,1,,,,,,,,"17,73"
Tansanit,Tansania,,VVS,Violett-blau,transparent,Rund,Cut,"0,99","6,40x6,40x3,07","15,56","15,72",Ebay,"16,99","1,43",,1,,,,,,,,"23,34"
Tansanit,Tansania,,VVS,Violett-blau,transparent,Trilliant,Cut,"1,03","6,43x6,48x3,62","23,37","22,69",Ebay,"16,49","-6,88",,1,,,,,,,,"35,06"
Tansanit,Tansania,,VVS,,transparent,oval,Cut,"1,03","7,86x5,83x3,04","19,86","19,28",Ebay,"19,99","0,13",,1,,,,,,,,"29,79"
Tansanit,Tansania,,VVS,Violett-blau,transparent,rund,Cut,"1,05","6,25x6,25x4,00","18,2","17,33",'–,'–,,,1,,,,,,,,"27,3"
Tansanit,Tansania,,VVS,,transparent,oval,Cut,"1,07", 7.99 X 5.94 X 3.45,"17,99","16,81",Ebay,"20,5","2,51",,1,,,,,,,,"26,99"
Tansanit,Tansania,,VVS,,transparent,Rund,Cut,"1,07","6,28x6,28x3,54","9,25","8,64",,,,,1,,,,,,,,"13,88"
Tansanit,Tansania,,VVS,,transparent,Tropfen,Cut,"1,07",8.74X5.66X3.37,"15,48","14,47",,,,,1,,,,,,,,"23,22"
Tansanit,Tansania,,IF ,Violett-blau,transparent,Smaragd,Cut,"1,1","8,22x5,07x2,86","24,59","22,35",?,,,,1,,,,,,,,"36,89"
Tansanit,Tansania,,IF ,Violett-blau,transparent,Trilliant,Cut,"1,14","6,82x6,73x3,88","21,03","18,45",'–,'–,,,1,,,,,,,,"31,55"
Tansanit,Tansania,,IF ,Violett-blau,transparent,Trilliant,Cut,"1,15","7,05X7,06X3,84","19,86","17,27",'–,'–,,,1,,,,,,,,"29,79"
Tansanit,Tansania,,IF ,,transparent,Kissen,Cut,"1,22",6.55x6.45x3.78,"35,08","28,75",Ebay,"40,49","5,41",,1,,,,,,,,"52,62"
Tansanit,Tansania,,VVS,,transparent,oval,Cut,"1,22","7,83x5,88x3,52","16,65","13,65",,,,,1,,,,,,,,"24,98"
Tansanit,Tansania,,VVS,,transparent,Kissen,Cut,"1,23",7.52X5.07X3.57,"24,14","19,63",Ebay,"22,99","-1,15",,1,,,,,,,,"36,21"
Tansanit,Tansania,,VVS,Grün-blau,transparent,oval,Cut,"1,24", 8.39 X 6.53 X 3.41,"16,46","13,27",Ebay,"14,99","-1,47",,1,,,,,,,,"24,69"
Tansanit,Tansania,,VVS,Violett-blau,transparent,Kissen,Cut,"1,33","7,80x5,94x3,49","33,16","24,93",'–,'–,,,1,,,,,,,,"49,74"
Tansanit,Tansania,,VVS,,transparent,Oktagon,Cut,"1,33","8,40x4,60x3,60","8,63","6,49",,,,,1,,,,,,,,"12,95"
Tansanit,Tansania,,VVS,Violett-blau,transparent,oval,Cut,"1,36","8,79x6,76x3,33","32,26","23,72",'–,'–,,,1,,,,,,,,"48,39"
Tansanit,Tansania,,VVS,,transparent,oval,Cut,"1,37","8,30x6,28x3,66","11,57","8,45",Ebay,"29,99","18,42",,1,,,,,,,,"17,36"
Tansanit,Tansania,,VVS,,transparent,oval,Cut,"1,38",7.96 X 5.86 X 3.63,"28,14","20,39",,,,,1,,,,,,,,"42,21"
Tansanit,Tansania,,IF ,Violett-blau,transparent,oval,Cut,"1,4","7,96x5,73x4,32","28,56","20,4",?,,,,1,,,,,,,,"42,84"
Tansanit,Tansania,,VVS,,transparent,oval,Cut,"1,46","8,05x6,05x4,26","27,18","18,62",,,,,1,,,,,,,,"40,77"
Tansanit,Tansania,,IF ,,transparent,oval,Cut,"1,47","8,33x6,57x3,76","30,94","21,05",Ebay,"32,99","2,05",,1,,,,,,,,"46,41"
Tansanit,Tansania,,VVS,,transparent,Rund,Cut,"1,49","6,92x6,92x4,38","24,93","16,73",Ebay,"26,49","1,56",,1,,,,,,,,"37,4"
Tansanit,Tansania,2,VVS,,transparent,Trilliant,Cut,"1,5","5,94x6,07x3,06","10,39","6,93",,,,,1,,,,,,,,"15,59"
Tansanit,Tansania,,VVS,,transparent,Tropfen,Cut,"1,53",8.67x6.54x4.18,"38,13","24,92",Ebay,"39,99","1,86",,1,,,,,,,,"57,2"
Tansanit,Tansania,,VVS,Grün ,transparent,oval,Cut,"1,55","7,2x8,3x3,7","15,62","10,08",,,,,1,,,,,,,,"23,43"
Tansanit,Tansania,,IF ,,transparent,oval,Cut,"1,58",9.40x6.28x3.73,"18,89","11,96",,,,,1,,,,,,,,"28,34"
Tansanit,Tansania,,VVS,,transparent,Marquise,Cut,"1,62",12.56X5.92X3.21,"23,42","14,46",,,,,1,,,,,,,,"35,13"
Tansanit,Tansania,,VVS,,transparent,oval,Cut,"1,66",7.48X5.97X4.68,"52,89","31,86",Ebay,65,"12,11",,1,,,,,,,,"79,34"
Tansanit,Tansania,,VVS,Grün ,transparent,oval,Cut,"1,66","8,9x6,6x4,3","49,25","29,67",,,,,1,,,,,,,,"73,88"
Tansanit,Tansania,,VVS,,transparent,oval,Cut,"1,67","8,16x6,21x3,95","27,18","16,28",Ebay,"32,99","5,81",,1,,,,,,,,"40,77"
Tansanit,Tansania,,VVS,,transparent,oval,Cut,"1,68","8,33x6,35x4,09","27,12","16,14",Ebay,"29,99","2,87",,1,,,,,,,,"40,68"
Tansanit,Tansania,,IF ,,transparent,Trilliant,Cut,"1,69","7,85X7,83X4,79","24,15","14,29",Ebay,50,"25,85",,1,,,,,,,,"36,23"
Tansanit,Tansania,,VVS,,transparent,oval,Cut,"1,7","8,94x6,98x3,37","33,71","19,83",'–,'–,,,1,,,,,,,,"50,57"
Tansanit,Tansania,,VVS,,transparent,Oval,Cut,"1,76", 8.86 x 6.82 x 4.0,"33,1","18,81",,,,,1,,,,,,,,"49,65"
Tansanit,Tansania,,VVS,Grün-gelb,transparent,Kissen,Cut,"1,78","6,7x7,2x4,45","73,73","41,42",Ebay,140,"66,27",,1,,,,,,,,"110,6"
Tansanit,Tansania,,VVS,,transparent,oval,Cut,"1,81","8,02x6,08x5,02","15,23","8,41",Ebay,"19,99","4,76",,1,,,,,,,,"22,85"
Tansanit,Tansania,,IF ,,transparent,Trilliant,Cut,"1,81","9,18X7,06X4,09","17,53","9,69",Ebay,"30,5","12,97",,1,,,,,,,,"26,3"
Tansanit,Tansania,,VVS,Grün-blau,transparent,oval,Cut,"1,93",8.97x6.98x4.08,"24,26","12,57",,,,,1,,,,,,,,"36,39"
Tansanit,Tansania,,VVS,,transparent,oval,Cut,"1,97", 9.03 x 6.98 x 4.42,"39,19","19,89",,,,,1,,,,,,,,"58,79"
Tansanit,Tansania,,VS,Grün ,transparent,oval,Cut,"2,02","9,32x6,56x5,06","25,87","12,81",,,,,1,,,,,,,,"38,81"
Tansanit,Tansania,,IF ,Grün ,transparent,Trilliant,Cut,"2,11","8,76x8,58x4,53","61,31","29,06",'–,'–,,,1,,,,,,,,"91,97"
Tansanit,Tansania,2,VVS,Violett-blau,transparent,oval,Cut,"2,13","7,43x5,53x3,59","39,72","18,65",'–,'–,,,1,,,,,,,,"59,58"
Tansanit,Tansania,,VVS,Orange-gelb,transparent,oval,Cut,"2,2","9,9x7","233,49","106,13",,,,,1,,,,,,,,"350,24"
Tansanit,Tansania,,VVS,,transparent,Oval,Cut,"2,38","9,78x7,09x4,82","105,85","44,47",,,,,1,,,,,,,,"158,78"
Tansanit,Tansania,,VVS,,transparent,Oktagon,Cut,"2,4","

9.26 x 6.55 x 3.84","54,67","22,78",,,,,1,,,,,,,,"82,01"
Tansanit,Tansania,2x,IF ,,transparent,Oval,Cut,"2,4","8,06x6,13x2,83","62,4",26,,,,,1,,,,,,,,"93,6"
Tansanit,Tansania,,VVS,Blau-violett,transparent,oval,Cut,"2,42","8,2x6,1x5,6",24,"9,92",,"29,99",,,1,,,,,,,,36
Tansanit,Tansania,,IF ,,transparent,oval,Cut,"2,52","8,7x6,5x5,9","311,85","123,75",,,,,1,,,,,,,,"467,78"
Tansanit,Tansania,,VVS,,transparent,Tropfen,Cut,"2,6",8.81 x 8.96 x 5.13,"47,55","18,29",, ,,,1,,,,,,,,"71,33"
Tansanit,Tansania,,VVS,,transparent,Smaragd,Cut,"2,68","9,65x6,05x4,35","32,07","11,97",,,,,1,,,,,,,,"48,11"
Tansanit,Tansania,,VVS,,transparent,Kissen,Cut,"2,69","10,47x7,31x4,26","100,29","37,28",,,,,1,,,,,,,,"150,44"
Tansanit,Tansania,,VVS,gelb,transparent,Oval,Cut,"2,71","7,10x10,05x5,25","116,82","43,11",,,,,1,,,,,,,,"175,23"
Tansanit,Tansania,,IF ,,transparent,oval,Cut,"2,77","10,54x7,47x4,81","132,95",48,'–,'–,,,1,,,,,,,,"199,43"
Tansanit,Tansania,,IF ,,transparent,Kissen,Cut,"2,84","7,93x7,85x5,78","138,38","48,73",,152,,,1,,,,,,,,"207,57"
Tansanit,Tansania,,IF ,,transparent,oval,Cut,3,10.51 x 8.12 x 4.90 ,"128,36","42,79",,,,,1,,,,,,,,"192,54"
Tansanit,Tansania,,IF ,,transparent,Trilliant,Cut,"3,2","10,80x11,00x4,70","130,04","40,64",,240,,,1,,,,,,,,"195,06"
Tansanit,Tansania,,VVS,,transparent,Tropfen,Cut,"3,2","12,5x8,5x4,7","89,53","27,98",Ebay 31.12.23,180,576,,1,,,,,,,,"134,3"
Tansanit,Tansania,,VVS,,transparent,Oval,Cut,"3,29","10,7x7,8x5,4","236,74","71,96",,,,,1,,,,,,,,"355,11"
Tansanit,Tansania,,IF ,,transparent,Oval,Cut,"3,34","10,13x7,84x5,97","105,91","31,71",Ebay 31.12.23,150,501,,1,,,,,,,,"158,87"
Tansanit,Tansania,,VVS,,transparent,Rund,Cut,"3,6",,"267,66","74,35",,,,,1,,,,,,,,"401,49"
Tansanit,Tansania,,VVS,Blau-violett,transparent,Tropfen,Cut,"3,72","10,9x8,2x6,1",250,"67,2",,,,,1,,,,,,,,375
Tansanit,Tansania,,VVS,Blau-violett,transparent,Oval,Cut,"3,73",11x8x6,185,"49,6",899,550,,,1,,,,,,,,"277,5"
Tansanit,Tansania,,vvs,Violett-blau,transparent,Kissen,Cut,"3,92","8,9x8x5,8",360,"91,84",,,,,1,,,,,,,,540
Tansanit,Tansania,,IF ,Violett-blau,transparent,Kissen,Cut,"4,04","8,43x8,57x6,51","227,7","56,36",549,390,,,1,,,,,,,,"341,55"
Tansanit,Tansania,,VVS,,transparent,Tropfen,Cut,"4,28","12,94x9,01x5,5","356,46","83,29",,,,,1,,,,,,,,"534,69"
Tansanit,Tansania,,IF ,,transparent,Tropfen,Cut,"4,3","14,50x8x4,5","233,98","54,41",x,380,,,1,,,,,,,,"350,97"
Tansanit,Tansania,,VVS,Gelb,transparent,oval,Cut,"4,3","8,8x9,95x6,55","311,95","72,55",,,,,1,,,,,,,,"467,93"
Tansanit,Tansania,,VVS,,transparent,Tropfen,Cut,"4,53",13x8x5,"183,12","40,42",,,,,1,,,,,,,,"274,68"
Tansanit,Tansania,,VVS,Violett-blau,transparent,Tropfen,Cut,"4,68","15x8,5x5",340,"72,65",x,460,,,1,,,,,,,,510
Tansanit,Tansania,,VS,Orange-gelb,transparent,Rund,Cut,"4,81","9,9x7","255,23","53,06",,,,,1,,,,,,,,"382,85"
Tansanit,Tansania,2x,VVS,,transparent,Oktagon,Cut,"4,99",9.1 x 7.0 x3.9      9.1x 6.9 x4.6,"276,46","55,4",,,,,1,,,,,,,,"414,69"
Tansanit,Tansania,,VVS,,transparent,Oval,Cut,"5,05","10,10x10,21x6,38","171,32","33,92",,,,,1,,,,,,,,"256,98"
Tansanit,Tansania,,VVS,Violett-blau,transparent,Tropfen,Cut,"5,14","15x10x5,5",415,"80,74",,,,,1,,,,,,,,"622,5"
Tansanit,Tansania,,VVS,,transparent,Kissen,Cut,"5,16","14,55x9,75x5,4","265,5","51,45",,,,,1,,,,,,,,"398,25"
Tansanit,Tansania,,VVS,,transparent,Tropfen,Cut,"5,26",13x10x6,"314,62","59,81",x,600,,,1,,,,,,,,"471,93"
Tansanit,Tansania,,VVS,,transparent,Tropfen,Cut,"5,32","13,20x9,30x6,90","392,47","73,77",x,420,,,1,,,,,,,,"588,71"
Tansanit,Tansania,,IF ,,transparent,Kissen,Cut,"5,47","11,46x8,38x6","456,15","83,39",,,,,1,,,,,,,,"684,23"
Tansanit,Tansania,,IF ,,transparent,oval,Cut,"5,55","12,17x9,58x6,98","418,44","75,39",,,,,1,,,,,,,,"627,66"
Tansanit,Tansania,,VVS,Violett-blau,transparent,oval,Cut,"6,1",13x10x7,650,"106,56",,,,,1,,,,,,,,975
Tansanit,Tansania,,VVS,,transparent,Kissen,Cut,"6,3","12,21x9,23x5,82","193,55","30,72",,,,,1,,,,,,,,"290,33"
Tansanit,Tansania,,IF ,,transparent,Tropfen,Cut,"6,38","18,70x9,60x5","341,39","53,51",,,,,1,,,,,,,,"512,09"
Tansanit,Tansania,,IF ,,transparent,Oktagon,Cut,"6,73","15,32x9,07x5,23","509,09","75,64",x,500,,,1,,,,,,,,"763,64"
Tansanit,Tansania,,VVS,,transparent,Oval,Cut,"6,81",13.7x10.2x6.5,"453,24","66,56",,,,,1,,,,,,,,"679,86"
Tansanit,Tansania,,IF ,,transparent,Kissen,Cut,"7,1","11x10,5x8","306,16","43,12",Ebay 31.12.23,270,1917,,1,,,,,,,,"459,24"
Tansanit,Tansania,2x,VVS,,transparent,Tropfen,Cut,"7,2",11.5 x8.2 11.5 x8.1,"443,89","61,65",,,,,1,,,,,,,,"665,84"
Tansanit,Tansania,,VVS,,transparent,Tropfen,Cut,"7,32","15,78x10,40x6,81",460,"62,84",x,450,,,1,,,,,,,,690
Tansanit,Tansania,,IF ,,transparent,Oval,Cut,"7,34","13,34x10,35x7,53","395,78","53,92",,,,,1,,,,,,,,"593,67"
Tansanit,Tansania,,VVS,,transparent,Tropfen,Cut,"7,34","14,9x10,4x7,15","477,25","65,02",x,500,,,1,,,,,,,,"715,88"
Tansanit,Tansania,,IF ,,transparent,oval,Cut,"7,46","15,39x11,36x6,48","301,88","40,47",,,,,1,,,,,,,,"452,82"
Tansanit,Tansania,,VVS,,transparent,Kissen,Cut,"8,19",13.6x10.2x7.3,"611,32","74,64",,,,,1,,,,,,,,"916,98"
Tansanit,Tansania,,IF ,,transparent,Kissen,Cut,"8,48","13,9x10x7,1","1292,04","152,36",,,,,1,,,,,,,,"1938,06"
Tansanit,Tansania,,IF ,,transparent,Oval,Cut,"8,58","14,09x10,56x7,22","432,76","50,44",,,,,1,,,,,,,,"649,14"
Tansanit,Tansania,,IF ,,transparent,Oktagon,Cut,"15,19","13,53x13,13x8,76","1194,54","78,64",,,,,1,,,,,,,,"1791,81"
Topas,Tansania,No treatment,,weiss,transpartent,,Rough,"10,3",,11,"1,07",,,,,,,,,,,,,
Turmalin,Tansania,Chrom,VVS,Grün ,transparent,rund,Cut,"0,92","6,1x4,1",140,"152,17",,,,,1,,,,,,,,210
Turmalin,Mozambique,Kupfer,vs,blau,transparent,Kissen,Cut,"1,16","7,3x5x4",65,"56,03",,,,,1,,,,,,,,"97,5"
Turmalin,Tansania,,VVS,Pink-violett,transparent,Oval,Cut,"1,66",,,0,,,,"1,1","2,96",,,inert,,Orange-violett,,,
Turmalin,Mozambique,,IF ,,transparent,Oval,Cut,"1,67",8.05x6.10x4.70,"15,09","9,04",, ,,,1,,,,,,,,"22,64"
Turmalin,Mozambique,,VVS,Grün ,transparent,Oval,Cut,"1,91","6,8x7,5x5,3","34,43","18,03",,,,,1,,,,,,,,"51,65"
Turmalin,Mozambique,,VVS,blau,transparent,Oktagon,Cut,"1,93","10,4x4,7x4","93,89","48,65",,,,,1,,,,,,,,"140,84"
Turmalin,Brasilien,,VS,Blau ,transparent,Oktagon,Cut,2,10x6,"26,65","13,33",,,,,1,,,,,,,,"39,98"
Turmalin,Mozambique,,VVS,Blau-grün,transparent,Smaragd,Cut,"2,02","7x6,5x5",100,"49,5",,,,,1,,,,,,,,150
Turmalin,Mozambique,,VVS,,transparent,Oktagon,Cut,"2,05","11,35x4,65x3,75","12,98","6,33",,,,,1,,,,,,,,"19,47"
Turmalin,Tansania,,VVS,Grün ,transparent,Kissen,Cut,"2,11","8,5x6,9x5",120,"56,87",,,,,1,,,,,,,,180
Turmalin,Mozambique,Kupfer,vs,blau,transparent,Smaragd,Cut,"2,12","12,3x4,8x3,8","175,76","82,91",,,,,1,,,,,,,,"263,64"
Turmalin,Mozambique,,VVS,,transparent,Rund,Cut,"2,29","8,1x7,7x5,4","46,53","20,32",,,,,1,,,,,,,,"69,8"
Turmalin,Brasilien,,VS,Blau-grün,transparent,Oktagon,Cut,"2,34","8,20x6,90x4,70","89,37","38,19",,,,,1,,,,,,,,"134,06"
Turmalin,Mozambique,,VVS,Rot ,transparent,oval,Cut,"2,36","9x7x5,3",110,"46,61",,,,,1,,,,,,,,165
Turmalin,Vietnam,,VS,grün,transparent,Fancy,Cut,"2,36",,8,"3,39",,,,,,,,,,,,,
Turmalin,Mozambique,Kupfer,VS,Blau-grün,transparent,oval,Cut,"2,39","9,04x6,97x5,00","624,85","261,44",,,,,1,,,,,,,,"937,28"
Turmalin,Mozambique,,VVS,Bläulich-Grün ,transparent,oval,Cut,"2,46","9x6,9x5,5",130,"52,85",,,,,1,,,,,,,,195
Turmalin,Mozambique,,SI,Violett,transparent,oval,Cut,"2,47","10,1x8,6x4,3","37,23","15,07",,,,,1,,,,,,,,"55,85"
Turmalin,Mozambique,,vvs,Pink-violett,transparent,Smaragd,Cut,"2,58","8.3x8,1x5,7",190,"73,64",,,,,1,,,,,,,,285
Turmalin,Mozambique,,VVS,Grün ,transparent,oval,Cut,"2,6","8,7x7,8x5,9",190,"73,08",,,,,1,,,,,,,,285
Turmalin,Mozambique, ,VVS,grün,transparent,Kissen,Cut,"2,62",9x8x6,190,"72,52",Ebay 31.12.23,220,"576,4",,,,,,,,,,
Turmalin,Mozambique,,VVS,pink ,transparent,oval,Cut,"2,8","10x8,8x5,3",65,"23,21",,,,,1,,,,,,,,"97,5"
Turmalin,Mozambique,,VVS,Rot ,transparent,oval,Cut,"2,98","12x9x4,9",65,"21,81",,,,,1,,,,,,,,"97,5"
Turmalin,Tansania,,VVS,Grün ,transparent,Kissen,Cut,"2,98",10x8x5,150,"50,34",,,,,1,,,,,,,,225
Turmalin,Tansania,,VVS,Pink-violett,transparent,Oval,Cut,3,,,0,,,,2,3,,,inert,,Orange-violett,,,
Turmalin,Nigeria,,VVS,Grün ,transparent,Oktagon,Cut,"3,15","5,8x4,1x4,1","54,73","17,37",,,,,1,,,,,,,,"82,1"
Turmalin,Mozambique,Rubellit,VS,rot,transparent,Kissen,Cut,"3,18","10x8,2x4,5",100,"31,45",Ebay 31.12.23,200,636,,,,,,,,,,
Turmalin,Brasilien,Indigolith,IF ,,transparent,Oktagon,Cut,"3,2","10,63x5,39x6,29","141,24","44,14",,,,,1,,,,,,,,"211,86"
Turmalin,Nigeria,Rubellit,VVS,Rot ,transparent,Kissen,Cut,"3,2",9x7x5,"441,38","137,93",,,,,1,,,,,,,,"662,07"
Turmalin,Tansania,No treatment,,gelb,transpartent,,Rough,"3,2",,"9,9","3,09",,,,,,,,,,,,,
Turmalin,Brasilien,,VVS,Pink-grün,transparent,oval,Cut,"3,22","9x7,6x7",140,"43,48",,,,,1,leichtes orange rot,,,,,,,210
Turmalin,Mozambique,,VVS,Pink-violett,transparent,Tropfen,Cut,"3,36",15x8x5,315,"93,75",,,,,1,,,,,,,,"472,5"
Turmalin,Brasilien,Wassermelone,VS,,transparent,Oktagon,Cut,"3,58",13x6,"70,04","19,56",,,,,1,,,,,,,,"105,06"
Turmalin,Mozambique,,vs,Rot ,transparent,oval,Cut,"3,78","16x10x4,9",60,"15,87",,,,,1,,,,,,,,90
Turmalin,Tansania,,VVS,Pink-violett,transparent,Oval,Cut,"3,78",,,0,,,,"2,54","3,05",,,inert,,Orange-violett,,,
Turmalin,Tansania,No treatment,,gelb,transpartent,,Rough,"3,8",,"11,8","3,11",,,,,,,,,,,,,
Turmalin,Tansania,Rohstein,VVS,Grün ,transparent,,Rough,"3,85",,50,"12,99",,,,,1,,,,,,,,75
Turmalin,Tansania,Rohstein,VVS,Grün ,transparent,,Rough,4,,40,10,,,,,1,,,,,,,,60
Turmalin,Tansania,Farbwechsel,VVS,Gelb-grün,transparent,Tropfen,Cut,"4,14",15x9x5,200,"48,31","Chrom, DSEF",,,,1,,,,,,,,300
Turmalin,Tansania,Rohstein,VVS,Grün ,transparent,,Rough,"4,25",,40,"9,41",,,,,1,,,,,,,,60
Turmalin,Nigeria,,VVS,Blau-grün,transparent,Smaragd,Cut,"4,36","8x10x5,6",135,"30,96",,,,,1,,,,,,,,"202,5"
Turmalin,Tansania,Rohstein,VVS,Orange,transparent,,Rough,"4,45",,40,"8,99",,,,,1,,,,,,,,60
Turmalin,Tansania,Rohstein,VVS,Orange,transparent,,Rough,"4,65",,40,"8,6",,,,,1,,,,,,,,60
Turmalin,Nigeria,,VVS,blau,transparent,Smaragd,Cut,5,"18,8x5,5x4,6",292,"58,4",Ebay 31.12.23,500,2500,,1,,,,,,,,438
Turmalin,Mozambique,,IF ,,transparent,oval,Cut,"5,2",11.80x9.80x5.85,"37,15","7,14",Ebay,"39,99","2,84",,1,,,,,,,,"55,73"
Turmalin,Mozambique,,VVS,Grün ,transparent,oval,Cut,"5,56","11,7x10,1x7,2",180,"32,37",,,,,1,,,,,,,,270
Turmalin,Tansania,Rohstein,VVS,Orange,transparent,,Rough,"5,6",,50,"8,93",,,,,1,,,,,,,,75
Turmalin,Mozambique,,IF ,,transparent,Scherenschliff,Cut,"5,74","22x6x4,5",145,"25,26",,,,,1,,,,,,,,"217,5"
Turmalin,Mozambique,,IF ,,transparent,Oktagon,Cut,"6,4","21x6,8x4,6","77,04","12,04",,,,,1,,,,,,,,"115,56"
Turmalin,Nigeria,,IF ,Grün ,transparent,oval,Cut,"6,56","13x10,5x8",150,"22,87",,,,,1,,,,,,,,225
Turmalin,Tansania,No treatment,,gelb,transpartent,,Rough,"6,8",,"21,1","3,1",,,,,,,,,,,,,
Turmalin,Tansania,No treatment,,gelb,transpartent,,Rough,7,,"21,7","3,1",,,,,,,,,,,,,
Turmalin,Tansania,Rohstein,VVS,Orange,transparent,,Rough,"7,35",,50,"6,8",,,,,1,,,,,,,,75
Turmalin,Tansania,Chrom,,grün,transpartent,,Rough,"7,6",,"96,9","12,75",Chrom Turmalin,,,,,,,,,,,,
Turmalin,Vietnam,,VS,pink,transparent,Kissen,Cut,"7,66",,340,"44,39",,,,,,,,,,,,,
Turmalin,Tansania,Rohstein/Chrom,I ,Grün ,transparent,,Rough,"8,3",,50,"6,02",,,,,1,,,,,,,,75
Turmalin,Tansania,Chrom,,grün,transpartent,,Rough,9,,175,"19,44",,,,,,,,,,,,,
Turmalin,Tansania,Chrom,,grün,transpartent,,Rough,"10,95",,170,"15,53",,,,,,,,,,,,,
Turmalin,Tansania,Rohstein,vs,Grün-rot,transparent,,Rough,"12,3",,50,"4,07",,,,,1,,,,,,,,75
Turmalin,Kongo,Rohstein,,Pink-orange,transparent,,Rough,"12,78",25x8x6,180,"14,08",,,,"8,55","3,02",,,,,,,,270
Turmalin,Kongo,Rohstein,bicolor,Rot-grün,transparent,,Rough,"16,64","25,5x8,5x7,5",270,"16,23",,,,"11,15","3,03",,,,,,,,405
Turmalin,Kongo,Rohstein,tricolor,Grün-gelb-pink,transparent,,Rough,"23,5",44x8x7,400,"17,02",,,,"15,7","3,01",,,,,,,,600
Turmalin,Tansania,No treatment,,Orange-gelb,transpartent,,Rough,"24,5",,"62,2","2,54",2 Stck,,,,,,,,,,,,
Turmalin,Nigeria,Rohstein,VVS,pink/orange,transparent,,Rough,29,,100,"3,45",,,,,1,,,,,,,,150
Turmalin,Nigeria,Rohstein,VVS,Grün-pink,transparent,,Rough,"31,38",,865,"27,57",,,,"21,05","3,04",,,,,,,,"1297,5"
Zirkon,Tansania,,VVS,,transparent,oval,Cut,"2,24","8x6,5x4","7,64","3,41",,,,,1,,,,,,,,"11,46"
Zirkon,Tansania,,VVS,,transparent,Oval,Cut,"2,41","8,5x6,5x4","8,98","3,73",,,,,1,,,,,,,,"13,47"
Zirkon,Tansania,Farbwechsel,VVS,Pink-rot,transparent,Oktagon,Cut,"2,84","9,6x5,6x3,7","30,71","10,81",,,,,1,mittleres orange gelb,,,,,,,"46,07"
Zirkon,Sri Lanka,,SI,Grün ,transparent,Kissen,Cut,"2,84","8,86x7,86x4,35",135,"47,54",Ebay 31.12.23,120,"340,8",,1,,,,,,,,"202,5"
Zirkon,Kambodscha,,VS,blau,transparent,Oval,Cut,"3,11",10x6,"35,52","11,42",,,,,1,,,,,,,,"53,28"
Zirkon,Tansania,,IF ,,transparent,Oval,Cut,"3,15","9,60x6,8x4,6","32,97","10,47",,,,,1,,,,,,,,"49,46"
Zirkon,Kambodscha,,VVS,,transparent,Oval,Cut,"3,3","8,32x6,76x5,43","31,93","9,68",,,,,1,,,,,,,,"47,9"
Zirkon,Kambodscha,,VVS,,transparent,Oval,Cut,"3,7","9,32x7,26x4,94","21,96","5,94",,,,,1,,,,,,,,"32,94"
Zirkon,Kambodscha,,IF ,,transparent,oval,Cut,"3,75","8,3x7,2x6","30,65","8,17",,,,,1,,,,,,,,"45,98"
Zirkon,Kambodscha,,IF ,,transparent,oval,Cut,"3,75","8,3x7,2x6,0","35,08","9,35",,,,,1,,,,,,,,"52,62"
Zirkon,Kambodscha,,VVS,,transparent,Oval,Cut,"3,77","8,19x6,53x6,44","50,06","13,28",,,,,1,,,,,,,,"75,09"
Zirkon,Kambodscha,,IF ,blau,transparent,oval,Cut,"3,79","8,7x6,5x5,9","35,08","9,26",ebay,140,"104,92",,1,,,,,,,,"52,62"
Zirkon,Kambodscha,,IF ,,transparent,oval,Cut,"3,8",9.6x7.6x5.5,"31,26","8,23",,,,,1,,,,,,,,"46,89"
Zirkon,Tansania,,IF ,,transparent,Scherenschliff,Cut,"3,87",9.7x6.2x4.9,"59,6","15,4",,,,,1,,,,,,,,"89,4"
Zirkon,Kambodscha,,VVS,,transparent,oval,Cut,"4,25","10,00x7,40x5,10","49,18","11,57",,,,,1,,,,,,,,"73,77"
Zirkon,Kambodscha,,VVS,,transparent,Tropfen,Cut,"4,28","10,90x9,30x4,10","32,79","7,66",,,,,1,,,,,,,,"49,19"
Zirkon,Kambodscha,,VVS,,transparent,oval,Cut,"4,3","9,77x8,12x4,82","8,08","1,88",,,,,1,,,,,,,,"12,12"
Zirkon,Tansania,,IF ,,transparent,oval,Cut,"4,3","10,4x7,5x4,69","39,25","9,13",,,,,1,,,,,,,,"58,88"
Zirkon,Kambodscha,,VVS,,transparent,Tropfen,Cut,"4,6","8,69x7,63x6,78","19,6","4,26",,,,,1,,,,,,,,"29,4"
Zirkon,Kambodscha,,VS,,transparent,oval,Cut,"4,74","9,38x7,25x6","35,76","7,54",,,,,1,,,,,,,,"53,64"
Zirkon,Tansania,,IF ,,transparent,oval,Cut,"5,1","10,7x7,6x6,4","55,18","10,82",,,,,1,,,,,,,,"82,77"
Zirkon,Kambodscha,,VVS,,transparent,Smaragd,Cut,"5,19","11,31x5,90x6,13","53,93","10,39",,,,,1,,,,,,,,"80,9"
Zirkon,Kambodscha,,VVS,blau,transparent,Kissen,Cut,"5,71","9,4x6,5x7,8","203,31","35,61",,,,,,,,,,,,,
Zirkon,Kambodscha,Hitze behandelt,VVS,blau,transparent,oval,Cut,"5,95","12,29x7,64x5,92","210,03","35,3",,,,,,,,,,,,,
Zirkon,Tansania,,vvs,gelb,transparent,Kissen,Cut,"5,98","11,4x9x5,8",86,"14,38",,,,,1,,,,,,,,129
Zirkon,Tansania,,VVS,Rot ,transparent,Kissen,Cut,"6,67","10x8,9x6",175,"26,24",,,,,1,,,,,,,,"262,5"
Zirkon,Kambodscha,,VVS,gelb,transparent,Oval,Cut,"6,68","9x11x6,5",121,"18,11",,,,"5,25","4,67",,,,,,,,"181,5"
Zirkon,Kambodscha,Hitze behandelt,VVS,blau,transparent,Oval,Cut,"7,15","12,6x9,3x5,4",176,"24,62",,,,,,,,,,,,,
Zirkon,Kambodscha,,VVS,blau,transparent,Tropfen,Cut,"7,16","12,3x9x7,5",90,"12,57",Ebay 31.12.23,60,"429,6",,,,,,,,,,
Zirkon,Kambodscha,,VVS,Rot ,transparent,Tropfen,Cut,"7,17","12,36x9,01x7,48","78,63","10,97",,,,,1,,,,,,,,"117,95"
Zirkon,Tansania,,IF ,,transparent,Trilliant,Cut,"7,3","10,8x10,8x7,5","119,54","16,38",,,,,1,,,,,,,,"179,31"
Zirkon,Kambodscha,,VVS,blau,transparent,Kissen,Cut,"7,32",,250,"34,15",,,,,1,,,,,,,,
Zirkon,Kambodscha,Hitze behandelt,VVS,blau,transparent,Kissen,Cut,"7,32","10,1x8,7x7,2","224,85","30,72",,,,,,,,,,,,,
Zirkon,Sri Lanka,,si,Grün ,transparent,Fancy,Cut,"8,1","11,5x11,3x8",137,"16,91",,,,,1,,,,,,,,"205,5"
Zirkon,Tansania,Rohstein,VVS,Rot ,transparent,,Rough,"9,18",,20,"2,18",,,,,1,,,,,,,,30
Zirkon,Kambodscha,Hitze behandelt,IF,blau,transparent,Oktagon,Cut,"10,17","12,7x7,2x8x01","350,94","34,51",,,,,,,,,,,,,
Zirkon,Kambodscha,6 Ratanakiri Zirkone,VVS,blau,transparent,"rund, oval",Cut,"12,9",,200,"15,5",,,,,,,,,,,,,
Zirkon,Tansania,Rohstein,VVS,Rot ,transparent,,Rough,"15,6",,35,"2,24",,,,,1,,,,,,,,"52,5"
Zirkon,Tansania,Rohstein,VVS,Rot ,transparent,,Rough,"15,74",,35,"2,22",,,,,1,,,,,,,,"52,5"
Zirkon,Tansania,Rohstein,VVS,Rot ,transparent,,Rough,"16,62",,40,"2,41",,,,,1,,,,,,,,60
Zultanit,Türkei,Farbwechsel,VVS,,transparent,Oval,Cut,1,7.60x5.30x3.10,"10,25","10,25",, ,,,1,,,,,,,,"15,38"
Zultanit,Türkei,Farbwechsel,IF ,,transparent,Oktagon,Cut,"1,01","8,25x4,10x3,10","7,97","7,89",Ebay,"31,49","23,52",,1,,,,,,,,"11,96"
Zultanit,Türkei,Farbwechsel,IF ,,transparent,Oval,Cut,"1,14","7,9x5,55x3,45","10,89","9,55",,,,,1,,,,,,,,"16,34"
Zultanit,Türkei,Farbwechsel,VVS,,transparent,Oktagon,Cut,"1,29",8.46 x 5.19 x 3.02,"9,62","7,46",,,,,1,,,,,,,,"14,43"
Zultanit,Türkei,Farbwechsel,VVS,,transparent,Oktagon,Cut,"1,31","7,85x5,55x3,10","20,24","15,45",,,,,1,,,,,,,,"30,36"
Zultanit,Türkei,Farbwechsel,VVS,,transparent,Kissen,Cut,"1,35","8,55x5,00x3,15","20,82","15,42",'–,'–,,,1,,,,,,,,"31,23"
Zultanit,Türkei,Farbwechsel,VVS,Grün-orange,transparent,rund,Cut,"1,58","7,46x7,46x4,06","42,09","26,64",,,,,1,,,,,,,,"63,14"
Zultanit,Türkei,2x,VVS,Grün-orange,transparent,,Cut,"1,59",8x7,"53,45","33,62",,,,,1,,,,,,,,"80,18"
Zultanit,Türkei,Farbwechsel,VVS,,transparent,Oval,Cut,"1,66","9,30x5,00x3,85","12,65","7,62",,,,,1,,,,,,,,"18,98"
Zultanit,Türkei,Farbwechsel,IF ,,transparent,Trilliant,Cut,"1,67",8,499,"298,8",uv,,,,1,,,,,,,,"748,5"
Zultanit,Türkei,Farbwechsel,VVS,,transparent,Oktagon,Cut,"1,68","9,95x4,85x3,10","16,16","9,62",,,,,1,,,,,,,,"24,24"
Zultanit,Türkei,Farbwechsel,VS,,transparent,Oktagon,Cut,"2,09","13,9x5,4x2,8","35,13","16,81",,,,,1,,,,,,,,"52,7"
Zultanit,Türkei,Farbwechsel,IF ,,transparent,Oktagon,Cut,"2,19",14.35x4.10x3.50,"24,03","10,97",Ebay,"29,99","5,96",,1,,,,,,,,"36,05"
Zultanit,Türkei,Farbwechsel,VVS,,transparent,Oktagon,Cut,"2,2",7.55x6.70x3.95,"83,16","37,8",,,,,1,,,,,,,,"124,74"
Zultanit,Türkei,Farbwechsel,VVS,,transparent,Oktagon,Cut,"2,2","7,55x6,70x3,95","76,09","34,59",,,,,1,,,,,,,,"114,14"
Zultanit,Türkei,Farbwechsel,VVS,Grün-orange,transparent,Oktagon,Cut,"2,38","12,00x4,80x3,80","20,33","8,54",,60,,,1,,,,,,,,"30,5"
Zultanit,Türkei,Farbwechsel,VVS,Grün-orange,transparent,Kissen,Cut,"2,42","8,45x6,40x4,55","57,74","23,86",,,,,1,,,,,,,,"86,61"
Zultanit,Türkei,Farbwechsel,VVS,Grün-orange,transparent,oval,Cut,"2,46","8,90x7,05x4,79","30,71","12,48",,,,,1,,,,,,,,"46,07"
Zultanit,Türkei,Farbwechsel,VVS,Grün-orange,transparent,oval,Cut,"2,55","9,21x6,77x4,87","53,99","21,17",,,,,1,,,,,,,,"80,99"
Zultanit,Türkei,Farbwechsel,VS,,transparent,Oval,Cut,"2,73","8,80x7,60x5,20","43,92","16,09",,,,,1,,,,,,,,"65,88"
Zultanit,Türkei,Farbwechsel,VVS,Grün-orange,transparent,Fancy,Cut,"2,74",11x7,"33,54","12,24",,,,,1,,,,,,,,"50,31"
Zultanit,Türkei,Farbwechsel,VVS,Grün-orange,transparent,rund,Cut,"2,77","8x8x5,5","57,37","20,71",,,,,1,,,,,,,,"86,06"
Zultanit,Türkei,Farbwechsel,VVS,Grün-orange,transparent,Kissen,Cut,"2,9","9,80x7,05x4,75","67,29","23,2",,,,,1,,,,,,,,"100,94"
Zultanit,Türkei,Farbwechsel,VVS,Grün-orange,transparent,oval,Cut,"2,92","9,57x7,15x5,11","27,17","9,3",,,,,1,,,,,,,,"40,76"
Zultanit,Türkei,Farbwechsel,VS,Grün-orange,transparent,Oktagon,Cut,"2,95","9,40x6,15x5,20","35,75","12,12",,,,,1,,,,,,,,"53,63"
Zultanit,Türkei,Farbwechsel,VS,,transparent,oval,Cut,"3,2","11,76x7,78x4,49","340,2","106,31",uv,,,,1,,,,,,,,"510,3"
Zultanit,Türkei,Farbwechsel,VVS,Grün-orange,transparent,Kissen,Cut,"3,62","12,77x5,93x4,86","130,44","36,03",Ebay 31.12.23,150,543,,1,,,,,,,,"195,66"
Zultanit,Türkei,Farbwechsel,VVS,Grün-orange,transparent,rund,Cut,"4,75","9,38x7,39","207,9","43,77",,,,,1,,,,,,,,"311,85"
Zultanit,Türkei,Farbwechsel,VVS,Grün-orange,transparent,rechteckig,Cut,"4,76",12x8x6,"97,55","20,49",,,,,1,,,,,,,,"146,33"
Zultanit,Türkei,Farbwechsel,VVS,Grün-orange,transparent,oval,Cut,"4,77","10,65x8,34x6,36","112,61","23,61",,,,,1,,,,,,,,"168,92"
Zultanit,Türkei,Farbwechsel,VVS,Grün-orange,transparent,oval,Cut,"4,82","10,97x8,51x6,17","94,9","19,69",,,,,1,,,,,,,,"142,35"
Zultanit,Türkei,Farbwechsel,SI,Grün-orange,transparent,rechteckig,Cut,"4,91","16,97x6,49x4,66","96,92","19,74",,,,,1,,,,,,,,"145,38"
Zultanit,Türkei,Farbwechsel,VVS,Grün-orange,transparent,rund,Cut,"4,93","10,03x6,53","166,44","33,76",,,,,1,,,,,,,,"249,66"
Zultanit,Türkei,Farbwechsel,VVS,Grün-orange,transparent,Tropfen,Cut,5,"26,30x6,10x4,50","127,68","25,54",,,,,1,,,,,,,,"191,52"
Zultanit,Türkei,Farbwechsel,VVS,Grün-orange,transparent,oval,Cut,"5,07",13x11 ,"55,61","10,97",,,,,1,,,,,,,,"83,42"
Zultanit,Türkei,Farbwechsel,VVS,Grün-orange,transparent,Kissen,Cut,"5,46","15,82x7,86x4,69","350,71","64,23",Ebay 31.12.23,180,"982,8",,1,,,,,,,,"526,07"
Zultanit,Türkei,Farbwechsel,VVS,Grün-orange,transparent,Oval,Cut,"6,89","13,50x9,59x6,59","247,79","35,96",,,,,1,,,,,,,,"371,69"
Zultanit,Türkei,Farbwechsel,VVS,Grün-orange,transparent,Oktagon,Cut,7,"15,70x6,50x5,80","583,66","83,38",Ebay 31.12.23,180,1260,,1,,,,,,,,"875,49"
Zultanit,Türkei,Farbwechsel,VVS,Grün-orange,transparent,Kissen,Cut,"7,5","15,26x8,56x5,90","303,89","40,52",,,0,,1,,,,,,,,"455,84"
Zultanit,Türkei,Farbwechsel,VVS,Grün-orange,transparent,Kissen,Cut,"8,89","16,36x9,71x5,89","333,82","37,55",ebay,450,"116,18",,1,,,,,,,,"500,73"
Zultanit,Türkei,Farbwechsel,SI,Grün-orange,transparent,Oktagon,Cut,"9,06",,"67,35","7,43",,,,,1,,,,,,,,"101,03"
Zultanit,Türkei,Farbwechsel,VVS,Grün-orange,transparent,Kissen,Cut,10,"14,53x9,54x8,08","207,79","20,78",,,,,1,,,,,,,,"311,69"
Zultanit,Türkei,Farbwechsel,VS,Grün-orange,transparent,Fancy,Cut,"10,16",17x10,"144,71","14,24",,,,,1,,,,,,,,"217,07"
